-- Script di popolamento per il database vinum_novum
-- Generato automaticamente

-- Popolamento tabella Utente
INSERT INTO vinum_novum.Utente (nome, cognome, email, password, data_registrazione, ruolo, indirizzo, citta, cap, paese, telefono) VALUES
( "Sofia",  "Ferrari",  "sofia.ferrari1@example.com",  "7c6a180b36896a0a8c02787eeafb0e4c",  "2024-12-17 10:47:36",  "amministratore",  "Via Garibaldi 10",  "Modena",  "65247",  "Italia",  "+39 393 5660953"),
( "Marco",  "Greco",  "marco.greco2@example.com",  "6cb75f652a9b52798eb6cf2201057c73",  "2025-02-06 10:47:36",  "amministratore",  "Via Garibaldi 94",  "Reggio Emilia",  "99931",  "Italia",  "+39 300 2736213"),
( "Matteo",  "Bruno",  "matteo.bruno3@example.com",  "819b0643d6b89dc9b579fdfc9094f28e",  "2024-11-08 10:47:36",  "utente",  "Via Dante 14",  "Roma",  "77612",  "Italia",  "+39 337 2755818"),
( "Beatrice",  "Santoro",  "beatrice.santoro4@example.com",  "34cc93ece0ba9e3f6f235d4af979b16c",  "2025-03-26 10:47:36",  "utente",  "Via Verdi 71",  "Bari",  "99348",  "Italia",  "+39 394 6157354"),
( "Davide",  "Costa",  "davide.costa5@example.com",  "db0edd04aaac4506f7edab03ac855d56",  "2025-04-15 10:47:36",  "utente",  "Via Dante 4",  "Reggio Emilia",  "39097",  "Italia",  "+39 370 3278409"),
( "Giulia",  "Esposito",  "giulia.esposito6@example.com",  "218dd27aebeccecae69ad8408d9a36bf",  "2024-11-12 10:47:36",  "utente",  "Via Garibaldi 90",  "Roma",  "90263",  "Italia",  "+39 361 9241547"),
( "Sofia",  "Ricci",  "sofia.ricci7@example.com",  "00cdb7bb942cf6b290ceb97d6aca64a3",  "2024-12-01 10:47:36",  "utente",  "Via Verdi 24",  "Bari",  "31418",  "Italia",  "+39 308 8253517"),
( "Riccardo",  "Russo",  "riccardo.russo8@example.com",  "b25ef06be3b6948c0bc431da46c2c738",  "2024-12-18 10:47:36",  "utente",  "Via Mazzini 12",  "Catania",  "15283",  "Italia",  "+39 364 3677632"),
( "Matteo",  "Fontana",  "matteo.fontana9@example.com",  "5d69dd95ac183c9643780ed7027d128a",  "2024-08-16 10:47:36",  "utente",  "Via Roma 43",  "Reggio Emilia",  "76015",  "Italia",  "+39 384 6378381"),
( "Valentina",  "Barbieri",  "valentina.barbieri10@example.com",  "87e897e3b54a405da144968b2ca19b45",  "2024-09-25 10:47:36",  "utente",  "Via Roma 14",  "Modena",  "74008",  "Italia",  "+39 384 6412918"),
( "Alessandro",  "Greco",  "alessandro.greco11@example.com",  "1e5c2776cf544e213c3d279c40719643",  "2024-06-17 10:47:36",  "utente",  "Via Roma 75",  "Bologna",  "83585",  "Italia",  "+39 389 2230619"),
( "Elisa",  "Esposito",  "elisa.esposito12@example.com",  "c24a542f884e144451f9063b79e7994e",  "2025-03-02 10:47:36",  "utente",  "Via Garibaldi 95",  "Bari",  "78682",  "Italia",  "+39 374 5603546"),
( "Lorenzo",  "Bruno",  "lorenzo.bruno13@example.com",  "ee684912c7e588d03ccb40f17ed080c9",  "2025-04-20 10:47:36",  "utente",  "Via Garibaldi 74",  "Brescia",  "61642",  "Italia",  "+39 353 8482679"),
( "Elisa",  "Conti",  "elisa.conti14@example.com",  "8ee736784ce419bd16554ed5677ff35b",  "2024-11-20 10:47:36",  "utente",  "Via Verdi 74",  "Modena",  "39244",  "Italia",  "+39 304 9272149"),
( "Riccardo",  "Bruno",  "riccardo.bruno15@example.com",  "9141fea0574f83e190ab7479d516630d",  "2025-03-05 10:47:36",  "utente",  "Via Verdi 66",  "Bologna",  "28557",  "Italia",  "+39 332 7401726"),
( "Beatrice",  "Santoro",  "beatrice.santoro16@example.com",  "2b40aaa979727c43411c305540bbed50",  "2024-07-30 10:47:36",  "utente",  "Via Garibaldi 65",  "Verona",  "72029",  "Italia",  "+39 300 4886734"),
( "Elisa",  "Moretti",  "elisa.moretti17@example.com",  "a63f9709abc75bf8bd8f6e1ba9992573",  "2024-07-23 10:47:36",  "utente",  "Via Dante 10",  "Verona",  "96277",  "Italia",  "+39 317 3877138"),
( "Martina",  "Bianchi",  "martina.bianchi18@example.com",  "80b8bdceb474b5127b6aca386bb8ce14",  "2025-03-16 10:47:36",  "utente",  "Via Verdi 7",  "Napoli",  "39893",  "Italia",  "+39 336 3117994"),
( "Andrea",  "Santoro",  "andrea.santoro19@example.com",  "e532ae6f28f4c2be70b500d3d34724eb",  "2024-10-06 10:47:36",  "utente",  "Via Roma 81",  "Roma",  "27862",  "Italia",  "+39 317 6782077"),
( "Sara",  "Lombardi",  "sara.lombardi20@example.com",  "aee67d9bb569ad1562f7b67cfccbd2ef",  "2025-03-23 10:47:36",  "utente",  "Via Dante 5",  "Roma",  "79521",  "Italia",  "+39 355 6370824");

-- Popolamento tabella Vitigno
INSERT INTO vinum_novum.Vitigno (nome) VALUES
( "Aglianico"),
( "Albariño"),
( "Arneis"),
( "Barbera"),
( "Cabernet Franc"),
( "Cabernet Sauvignon"),
( "Cannonau"),
( "Cariñena"),
( "Carricante"),
( "Catarratto"),
( "Chardonnay"),
( "Chenin Blanc"),
( "Cortese"),
( "Corvina"),
( "Dolcetto"),
( "Dornfelder"),
( "Erbaluce"),
( "Falanghina"),
( "Fiano"),
( "Garganega"),
( "Garnacha"),
( "Gewürztraminer"),
( "Glera"),
( "Graciano"),
( "Grauburgunder"),
( "Greco"),
( "Grenache"),
( "Grillo"),
( "Inzolia"),
( "Lagrein"),
( "Lemberger"),
( "Malvasia"),
( "Malvasia Nera"),
( "Marsanne"),
( "Mencía"),
( "Merlot"),
( "Molinara"),
( "Montepulciano"),
( "Mourvèdre"),
( "Müller-Thurgau"),
( "Nascetta"),
( "Nebbiolo"),
( "Nerello Cappuccio"),
( "Nerello Mascalese"),
( "Nero d'Avola"),
( "Oseleta"),
( "Petit Verdot"),
( "Pinot Bianco"),
( "Pinot Grigio"),
( "Pinot Meunier"),
( "Pinot Nero"),
( "Pinot Noir"),
( "Primitivo"),
( "Ribolla Gialla"),
( "Riesling"),
( "Rondinella"),
( "Roussanne"),
( "Sagrantino"),
( "Sangiovese"),
( "Sauvignon Blanc"),
( "Silvaner"),
( "Spätburgunder"),
( "Syrah"),
( "Sémillon"),
( "Tempranillo"),
( "Teroldego"),
( "Timorasso"),
( "Trebbiano"),
( "Verdicchio"),
( "Vermentino"),
( "Vernaccia"),
( "Vespaiola"),
( "Viognier"),
( "Weissburgunder"),
( "Zibibbo");

-- Popolamento tabella Vino
INSERT INTO vinum_novum.Vino (nome, anno, cantina, prezzo_vendita, punteggio_qualita, gusto, salinita, acidita, forte, tannicita, immagine) VALUES
( "Barolo",  2016,  "Conterno",  159.04,  75,  2,  3,  4,  4,  5,  "vino_1.jpg"),
( "Soave",  2019,  "Pieropan",  58.19,  83,  4,  5,  1,  3,  1,  "vino_2.jpg"),
( "Château Latour",  2010,  "Château Latour",  78.45,  73,  5,  1,  5,  1,  5,  "vino_3.jpg"),
( "Prosecco",  2021,  "Masi",  121.7,  74,  3,  5,  3,  5,  1,  "vino_4.jpg"),
( "Brunello di Montalcino",  2015,  "Biondi-Santi",  109.57,  76,  2,  2,  5,  3,  5,  "vino_5.jpg"),
( "Riesling",  2020,  "Dr. Loosen",  57.91,  70,  4,  5,  4,  2,  1,  "vino_6.jpg"),
( "Amarone della Valpolicella",  2017,  "Allegrini",  24.29,  85,  5,  4,  4,  3,  5,  "vino_7.jpg"),
( "Chablis Grand Cru",  2018,  "Domaine Leflaive",  12.78,  76,  3,  5,  2,  4,  1,  "vino_8.jpg"),
( "Nero d'Avola",  2019,  "Planeta",  29.21,  98,  2,  2,  3,  5,  4,  "vino_9.jpg"),
( "Albariño",  2021,  "Terras Gauda",  18.28,  99,  4,  2,  1,  5,  1,  "vino_10.jpg"),
( "Barolo Riserva",  2015,  "Vietti",  151.7,  89,  2,  4,  4,  2,  5,  "vino_11.jpg"),
( "Vermentino",  2020,  "Argiolas",  32.34,  90,  3,  4,  3,  4,  1,  "vino_12.jpg"),
( "Chianti Classico Riserva",  2018,  "Antinori",  163.32,  82,  3,  5,  5,  1,  4,  "vino_13.jpg"),
( "Gewürztraminer",  2019,  "Trimbach",  137.93,  88,  5,  1,  1,  2,  1,  "vino_14.jpg"),
( "Valpolicella Ripasso",  2018,  "Tommasi",  24.89,  83,  1,  2,  4,  2,  4,  "vino_15.jpg"),
( "Etna Bianco",  2020,  "Graci",  136.74,  92,  4,  3,  1,  3,  1,  "vino_16.jpg"),
( "Barbaresco",  2017,  "Gaja",  151.71,  77,  1,  3,  1,  5,  5,  "vino_17.jpg"),
( "Pouilly-Fuissé",  2019,  "Joseph Drouhin",  197.61,  85,  4,  5,  3,  5,  1,  "vino_18.jpg"),
( "Sassicaia",  2016,  "Sassicaia",  107.44,  92,  1,  4,  3,  1,  5,  "vino_19.jpg"),
( "Grillo",  2021,  "Donnafugata",  39.42,  70,  2,  4,  5,  4,  1,  "vino_20.jpg"),
( "Primitivo",  2019,  "Tormaresca",  17.88,  91,  4,  3,  2,  1,  4,  "vino_21.jpg"),
( "Pinot Grigio",  2020,  "Jermann",  56.42,  86,  5,  1,  5,  2,  1,  "vino_22.jpg"),
( "Brunello di Montalcino Riserva",  2015,  "Castello Banfi",  31.78,  97,  2,  2,  5,  5,  5,  "vino_23.jpg"),
( "Sauvignon Blanc",  2021,  "Pascal Jolivet",  170.09,  80,  1,  1,  2,  2,  1,  "vino_24.jpg"),
( "Barbera d'Alba",  2019,  "Ceretto",  11.62,  88,  3,  4,  4,  4,  4,  "vino_25.jpg"),
( "Lugana",  2021,  "Zenato",  105.95,  93,  3,  3,  2,  5,  1,  "vino_26.jpg"),
( "Aglianico",  2017,  "Mastroberardino",  114.66,  80,  4,  4,  2,  3,  5,  "vino_27.jpg"),
( "Riesling Spätlese",  2020,  "Schloss Johannisberg",  66.22,  86,  2,  3,  3,  5,  1,  "vino_28.jpg"),
( "Montepulciano d'Abruzzo",  2018,  "Masciarelli",  176.28,  76,  3,  3,  2,  1,  4,  "vino_29.jpg"),
( "Arneis",  2020,  "Bruno Giacosa",  141.0,  72,  5,  1,  1,  5,  1,  "vino_30.jpg"),
( "Tempranillo",  2017,  "Marqués de Riscal",  171.23,  91,  4,  2,  1,  1,  5,  "vino_31.jpg"),
( "Chardonnay",  2019,  "Ca'del Bosco",  178.45,  89,  1,  4,  3,  5,  1,  "vino_32.jpg"),
( "Cannonau",  2018,  "Sella & Mosca",  155.09,  77,  4,  5,  1,  3,  4,  "vino_33.jpg"),
( "Fiano",  2020,  "Feudi di San Gregorio",  128.01,  87,  3,  5,  4,  4,  1,  "vino_34.jpg"),
( "Dolcetto d'Alba",  2020,  "Pio Cesare",  24.16,  78,  4,  4,  3,  1,  4,  "vino_35.jpg"),
( "Verdicchio",  2021,  "Umani Ronchi",  156.07,  71,  4,  1,  3,  1,  1,  "vino_36.jpg"),
( "Syrah",  2017,  "E. Guigal",  158.7,  71,  3,  4,  5,  1,  5,  "vino_37.jpg"),
( "Greco",  2020,  "Villa Matilde",  179.46,  79,  4,  3,  3,  3,  1,  "vino_38.jpg"),
( "Nebbiolo Langhe",  2019,  "Prunotto",  71.55,  84,  5,  5,  2,  1,  5,  "vino_39.jpg"),
( "Falanghina",  2021,  "Terredora",  98.05,  79,  3,  2,  5,  2,  1,  "vino_40.jpg"),
( "Merlot",  2016,  "Château Haut-Brion",  74.63,  73,  3,  2,  2,  4,  5,  "vino_41.jpg"),
( "Müller-Thurgau",  2021,  "Alois Lageder",  197.42,  82,  3,  3,  1,  5,  1,  "vino_42.jpg"),
( "Lagrein",  2019,  "Elena Walch",  77.89,  97,  1,  2,  5,  2,  4,  "vino_43.jpg"),
( "Ribolla Gialla",  2020,  "Livio Felluga",  58.49,  72,  1,  1,  1,  3,  1,  "vino_44.jpg"),
( "Garnacha",  2018,  "Alvaro Palacios",  51.43,  81,  3,  1,  2,  2,  5,  "vino_45.jpg"),
( "Chenin Blanc",  2019,  "Domaine Huet",  165.72,  91,  2,  4,  4,  3,  1,  "vino_46.jpg"),
( "Sagrantino",  2016,  "Arnaldo Caprai",  193.65,  71,  4,  2,  5,  2,  5,  "vino_47.jpg"),
( "Carricante",  2020,  "Tasca d'Almerita",  193.95,  75,  3,  1,  5,  2,  1,  "vino_48.jpg"),
( "Teroldego",  2019,  "Foradori",  73.49,  73,  3,  1,  5,  4,  4,  "vino_49.jpg"),
( "Inzolia",  2021,  "Cusumano",  74.78,  81,  1,  1,  3,  4,  1,  "vino_50.jpg"),
( "Mencía",  2018,  "Dominio de Pingus",  95.18,  95,  5,  3,  3,  5,  5,  "vino_51.jpg"),
( "Silvaner",  2020,  "Wittmann",  179.15,  90,  1,  1,  4,  4,  1,  "vino_52.jpg"),
( "Ornellaia",  2017,  "Ornellaia",  162.77,  79,  1,  3,  3,  1,  5,  "vino_53.jpg"),
( "Clos Mogador",  2016,  "Clos Mogador",  108.26,  77,  3,  1,  2,  3,  5,  "vino_54.jpg"),
( "Pinot Noir",  2018,  "Domaine Leroy",  19.23,  84,  1,  1,  3,  4,  4,  "vino_55.jpg"),
( "Champagne",  2015,  "Bollinger",  43.28,  93,  4,  2,  2,  1,  1,  "vino_56.jpg"),
( "Vin Santo del Chianti Classico",  2012,  "Avignonesi",  26.64,  73,  5,  1,  2,  5,  1,  "vino_57.jpg"),
( "Soave Classico",  2020,  "Pieropan",  64.79,  80,  5,  5,  2,  4,  1,  "vino_58.jpg"),
( "Barolo Cannubi",  2016,  "Marchesi di Barolo",  23.7,  90,  3,  2,  4,  1,  5,  "vino_59.jpg"),
( "Riesling Auslese",  2018,  "J.J. Prüm",  157.9,  86,  3,  1,  3,  3,  1,  "vino_60.jpg"),
( "Tignanello",  2018,  "Antinori",  85.33,  92,  3,  4,  5,  2,  5,  "vino_61.jpg"),
( "Chablis Premier Cru",  2019,  "Louis Jadot",  134.1,  86,  2,  1,  3,  2,  1,  "vino_62.jpg"),
( "Amarone della Valpolicella Classico",  2015,  "Bertani",  91.8,  87,  1,  5,  4,  1,  5,  "vino_63.jpg"),
( "Vermentino di Sardegna",  2021,  "Argiolas",  90.06,  86,  1,  5,  5,  4,  1,  "vino_64.jpg"),
( "Brunello di Montalcino",  2016,  "Castello Banfi",  62.13,  78,  3,  2,  1,  2,  5,  "vino_65.jpg"),
( "Gewürztraminer",  2019,  "Zind-Humbrecht",  15.4,  82,  4,  1,  1,  2,  1,  "vino_66.jpg"),
( "Barbaresco Riserva",  2015,  "Bruno Giacosa",  173.29,  92,  1,  4,  5,  2,  5,  "vino_67.jpg"),
( "Etna Bianco",  2020,  "Planeta",  56.96,  92,  2,  2,  3,  1,  1,  "vino_68.jpg"),
( "Chianti Classico Gran Selezione",  2017,  "Castello di Ama",  133.36,  87,  1,  1,  4,  5,  5,  "vino_69.jpg"),
( "Pouilly-Fumé",  2019,  "Didier Dagueneau",  78.06,  89,  2,  2,  5,  2,  1,  "vino_70.jpg"),
( "Primitivo di Manduria",  2019,  "Feudi di San Marzano",  156.31,  96,  3,  2,  5,  5,  4,  "vino_71.jpg"),
( "Pinot Grigio",  2020,  "Vie di Romans",  119.33,  98,  5,  3,  2,  4,  1,  "vino_72.jpg"),
( "Vega Sicilia Único",  2012,  "Vega Sicilia",  87.15,  90,  2,  1,  5,  2,  5,  "vino_73.jpg"),
( "Sauvignon Blanc",  2020,  "Domaine Vacheron",  127.18,  82,  1,  4,  1,  3,  1,  "vino_74.jpg"),
( "Barbera d'Asti",  2019,  "Vietti",  81.24,  80,  1,  4,  3,  3,  4,  "vino_75.jpg"),
( "Lugana",  2021,  "Zenato",  111.62,  91,  3,  4,  5,  3,  1,  "vino_76.jpg"),
( "Taurasi",  2016,  "Mastroberardino",  193.8,  74,  4,  5,  4,  4,  5,  "vino_77.jpg"),
( "Riesling Kabinett",  2020,  "Dr. Loosen",  194.29,  98,  4,  4,  5,  3,  1,  "vino_78.jpg"),
( "Montepulciano d'Abruzzo Riserva",  2015,  "Emidio Pepe",  133.14,  87,  1,  3,  2,  2,  5,  "vino_79.jpg"),
( "Arneis",  2020,  "Ceretto",  105.7,  76,  1,  5,  5,  1,  1,  "vino_80.jpg"),
( "Rioja Gran Reserva",  2014,  "La Rioja Alta",  120.45,  76,  5,  2,  5,  4,  5,  "vino_81.jpg"),
( "Franciacorta",  2017,  "Bellavista",  171.47,  71,  4,  1,  1,  1,  1,  "vino_82.jpg"),
( "Cannonau di Sardegna Riserva",  2016,  "Sella & Mosca",  184.47,  99,  2,  1,  5,  5,  5,  "vino_83.jpg"),
( "Fiano di Avellino",  2020,  "Feudi di San Gregorio",  94.55,  76,  3,  3,  5,  4,  1,  "vino_84.jpg"),
( "Dolcetto d'Alba",  2020,  "Conterno",  66.96,  88,  2,  3,  4,  4,  4,  "vino_85.jpg"),
( "Verdicchio dei Castelli di Jesi",  2021,  "Umani Ronchi",  176.65,  76,  4,  3,  2,  1,  1,  "vino_86.jpg"),
( "Côte-Rôtie",  2016,  "E. Guigal",  38.14,  79,  2,  2,  5,  1,  5,  "vino_87.jpg"),
( "Greco di Tufo",  2020,  "Villa Matilde",  115.61,  75,  1,  2,  4,  5,  1,  "vino_88.jpg"),
( "Nebbiolo d'Alba",  2019,  "Prunotto",  155.06,  81,  1,  4,  4,  3,  5,  "vino_89.jpg"),
( "Falanghina del Sannio",  2020,  "Quintodecimo",  127.42,  93,  3,  3,  1,  1,  1,  "vino_90.jpg"),
( "Château Margaux",  2015,  "Château Margaux",  195.14,  99,  1,  2,  4,  4,  5,  "vino_91.jpg"),
( "Müller-Thurgau",  2021,  "Cantina Terlano",  51.39,  78,  4,  5,  5,  1,  1,  "vino_92.jpg"),
( "Lagrein",  2019,  "J. Hofstätter",  21.15,  89,  3,  4,  5,  1,  4,  "vino_93.jpg"),
( "Ribolla Gialla",  2020,  "Schiopetto",  139.67,  79,  5,  5,  3,  3,  1,  "vino_94.jpg"),
( "Priorat",  2017,  "Alvaro Palacios",  180.78,  89,  1,  3,  3,  2,  5,  "vino_95.jpg"),
( "Vouvray",  2019,  "Domaine Huet",  173.1,  78,  1,  4,  5,  5,  1,  "vino_96.jpg"),
( "Montefalco Sagrantino",  2015,  "Arnaldo Caprai",  69.29,  92,  2,  2,  1,  5,  5,  "vino_97.jpg"),
( "Etna Bianco",  2020,  "Tasca d'Almerita",  84.29,  99,  5,  5,  2,  1,  1,  "vino_98.jpg"),
( "Teroldego Rotaliano",  2019,  "Foradori",  59.95,  76,  3,  3,  5,  4,  4,  "vino_99.jpg"),
( "Inzolia",  2021,  "Firriato",  159.76,  70,  4,  5,  2,  5,  1,  "vino_100.jpg"),
( "Ribera del Duero",  2018,  "Emilio Moro",  155.23,  97,  1,  5,  4,  2,  5,  "vino_101.jpg"),
( "Grauburgunder",  2020,  "Bernhard Huber",  111.78,  88,  5,  4,  4,  4,  1,  "vino_102.jpg"),
( "Solaia",  2016,  "Antinori",  12.85,  96,  2,  1,  3,  4,  5,  "vino_103.jpg"),
( "Clos Erasmus",  2015,  "Clos Erasmus",  40.92,  82,  1,  2,  4,  3,  5,  "vino_104.jpg"),
( "Romanée-Conti",  2017,  "Domaine de la Romanée-Conti",  21.24,  80,  3,  5,  2,  4,  4,  "vino_105.jpg"),
( "Cristal",  2013,  "Louis Roederer",  178.22,  92,  1,  3,  3,  5,  1,  "vino_106.jpg"),
( "Passito di Pantelleria",  2018,  "Donnafugata",  153.91,  87,  3,  2,  1,  1,  1,  "vino_107.jpg"),
( "Custoza",  2021,  "Masi",  135.63,  72,  2,  4,  5,  4,  1,  "vino_108.jpg"),
( "Barolo Monfortino",  2013,  "Conterno",  90.34,  74,  1,  4,  5,  1,  5,  "vino_109.jpg"),
( "Riesling Trockenbeerenauslese",  2018,  "Egon Müller",  23.1,  85,  5,  4,  3,  5,  1,  "vino_110.jpg"),
( "Flaccianello della Pieve",  2017,  "Fontodi",  98.84,  99,  4,  1,  5,  4,  5,  "vino_111.jpg"),
( "Meursault",  2018,  "Domaine Leflaive",  118.25,  81,  3,  3,  2,  4,  1,  "vino_112.jpg"),
( "Amarone della Valpolicella Classico",  2013,  "Dal Forno Romano",  71.68,  81,  5,  5,  5,  1,  5,  "vino_113.jpg"),
( "Vermentino di Gallura",  2020,  "Capichera",  46.41,  84,  1,  3,  2,  3,  1,  "vino_114.jpg"),
( "Brunello di Montalcino Riserva",  2013,  "Biondi-Santi",  157.67,  79,  3,  5,  5,  5,  5,  "vino_115.jpg"),
( "Alsace Grand Cru",  2018,  "Trimbach",  110.07,  96,  2,  5,  5,  5,  1,  "vino_116.jpg"),
( "Barbaresco Asili",  2016,  "Gaja",  10.49,  79,  1,  1,  4,  4,  5,  "vino_117.jpg"),
( "Etna Rosso",  2019,  "Graci",  11.56,  96,  1,  3,  5,  2,  4,  "vino_118.jpg"),
( "Chianti Classico Riserva",  2018,  "Frescobaldi",  50.52,  93,  2,  4,  2,  4,  5,  "vino_119.jpg"),
( "Sancerre",  2020,  "Pascal Jolivet",  20.34,  81,  3,  2,  5,  2,  1,  "vino_120.jpg"),
( "Primitivo di Manduria Riserva",  2017,  "Polvanera",  94.85,  83,  4,  1,  1,  4,  5,  "vino_121.jpg"),
( "Pinot Grigio",  2020,  "Marco Felluga",  118.36,  75,  4,  5,  4,  4,  1,  "vino_122.jpg"),
( "Pingus",  2015,  "Dominio de Pingus",  174.11,  91,  4,  1,  3,  2,  5,  "vino_123.jpg"),
( "Pouilly-Fumé",  2020,  "Domaine des Baumard",  71.58,  93,  3,  1,  3,  1,  1,  "vino_124.jpg"),
( "Barbera d'Alba Superiore",  2018,  "Vietti",  165.96,  73,  2,  1,  3,  4,  4,  "vino_125.jpg"),
( "Soave Classico",  2020,  "Pieropan",  63.44,  100,  5,  3,  3,  4,  1,  "vino_126.jpg"),
( "Taurasi Riserva",  2015,  "Feudi di San Gregorio",  191.33,  92,  4,  1,  3,  5,  5,  "vino_127.jpg"),
( "Riesling Grosses Gewächs",  2019,  "Robert Weil",  157.19,  90,  1,  3,  1,  1,  1,  "vino_128.jpg"),
( "Montepulciano d'Abruzzo",  2016,  "Valentini",  142.96,  99,  4,  3,  2,  1,  5,  "vino_129.jpg"),
( "Arneis Roero",  2020,  "Bruno Giacosa",  83.06,  100,  3,  3,  3,  5,  1,  "vino_130.jpg"),
( "Rioja Reserva",  2016,  "CVNE",  154.13,  86,  1,  5,  1,  2,  5,  "vino_131.jpg"),
( "Franciacorta Satèn",  2018,  "Ca'del Bosco",  125.11,  98,  1,  5,  3,  1,  1,  "vino_132.jpg"),
( "Cannonau di Sardegna",  2018,  "Argiolas",  159.59,  82,  3,  1,  1,  1,  4,  "vino_133.jpg"),
( "Fiano di Avellino",  2019,  "Quintodecimo",  148.25,  81,  4,  4,  2,  5,  1,  "vino_134.jpg"),
( "Dolcetto d'Alba",  2020,  "Ceretto",  162.98,  99,  3,  2,  2,  4,  4,  "vino_135.jpg"),
( "Verdicchio Riserva",  2019,  "Umani Ronchi",  171.23,  76,  4,  3,  2,  1,  1,  "vino_136.jpg"),
( "Châteauneuf-du-Pape",  2017,  "Château de Beaucastel",  84.65,  90,  4,  2,  3,  4,  5,  "vino_137.jpg"),
( "Greco di Tufo",  2020,  "Mastroberardino",  139.98,  94,  2,  5,  1,  1,  1,  "vino_138.jpg"),
( "Nebbiolo Langhe",  2019,  "Gaja",  63.21,  82,  3,  1,  1,  2,  5,  "vino_139.jpg"),
( "Falanghina",  2021,  "Feudi di San Gregorio",  189.15,  76,  1,  4,  5,  5,  1,  "vino_140.jpg"),
( "Château Lafite Rothschild",  2015,  "Château Lafite Rothschild",  21.73,  76,  2,  3,  1,  1,  5,  "vino_141.jpg"),
( "Weissburgunder",  2020,  "Alois Lageder",  32.37,  83,  1,  2,  1,  3,  1,  "vino_142.jpg"),
( "Lagrein Riserva",  2018,  "Elena Walch",  144.2,  90,  2,  4,  4,  1,  5,  "vino_143.jpg"),
( "Ribolla Gialla",  2020,  "Jermann",  47.65,  78,  4,  2,  2,  1,  1,  "vino_144.jpg"),
( "Finca Dofí",  2017,  "Alvaro Palacios",  156.89,  73,  5,  1,  3,  1,  5,  "vino_145.jpg"),
( "Savennières",  2018,  "Domaine Huet",  28.1,  86,  2,  3,  4,  2,  1,  "vino_146.jpg"),
( "Sagrantino di Montefalco",  2016,  "Tabarrini",  118.95,  79,  4,  3,  2,  3,  5,  "vino_147.jpg"),
( "Carricante",  2020,  "Benanti",  184.68,  91,  5,  2,  3,  3,  1,  "vino_148.jpg"),
( "Teroldego Rotaliano Riserva",  2017,  "Foradori",  114.77,  74,  2,  2,  5,  4,  5,  "vino_149.jpg"),
( "Catarratto",  2021,  "Cusumano",  130.86,  89,  3,  3,  4,  5,  1,  "vino_150.jpg"),
( "Aalto PS",  2016,  "Aalto",  147.68,  89,  1,  4,  2,  3,  5,  "vino_151.jpg"),
( "Riesling Spätlese",  2019,  "Keller",  86.07,  81,  2,  2,  2,  3,  1,  "vino_152.jpg"),
( "Le Pergole Torte",  2016,  "Montevertine",  177.33,  74,  5,  3,  4,  2,  5,  "vino_153.jpg"),
( "Les Terrasses",  2018,  "Alvaro Palacios",  15.73,  92,  4,  5,  5,  2,  5,  "vino_154.jpg"),
( "La Tâche",  2016,  "Domaine de la Romanée-Conti",  25.51,  88,  2,  4,  5,  5,  4,  "vino_155.jpg"),
( "Krug Grande Cuvée",  2012,  "Krug",  196.76,  91,  5,  2,  3,  1,  1,  "vino_156.jpg"),
( "Malvasia delle Lipari",  2019,  "Hauner",  34.15,  74,  4,  4,  1,  4,  1,  "vino_157.jpg"),
( "Garganega",  2021,  "Tedeschi",  27.25,  70,  1,  2,  3,  1,  1,  "vino_158.jpg"),
( "Barolo Cerequio",  2015,  "Michele Chiarlo",  170.99,  85,  4,  4,  5,  2,  5,  "vino_159.jpg"),
( "Riesling Auslese",  2018,  "Fritz Haag",  172.3,  83,  5,  1,  2,  2,  1,  "vino_160.jpg"),
( "I Sodi di San Niccolò",  2016,  "Castellare di Castellina",  16.43,  87,  3,  1,  4,  5,  5,  "vino_161.jpg"),
( "Corton-Charlemagne",  2018,  "Joseph Drouhin",  116.87,  83,  5,  1,  2,  4,  1,  "vino_162.jpg"),
( "Recioto della Valpolicella",  2017,  "Tommasi",  79.95,  83,  1,  4,  3,  3,  1,  "vino_163.jpg"),
( "Vermentino di Sardegna",  2020,  "Contini",  70.83,  93,  4,  5,  1,  1,  1,  "vino_164.jpg"),
( "Brunello di Montalcino",  2016,  "Casanova di Neri",  28.21,  88,  1,  4,  2,  1,  5,  "vino_165.jpg"),
( "Gewürztraminer Vendange Tardive",  2018,  "Domaine Weinbach",  61.55,  98,  2,  1,  1,  2,  1,  "vino_166.jpg"),
( "Barbaresco Rabajà",  2016,  "Bruno Giacosa",  187.62,  99,  3,  2,  5,  2,  5,  "vino_167.jpg"),
( "Etna Rosso",  2019,  "Tenuta delle Terre Nere",  69.85,  71,  3,  3,  1,  5,  4,  "vino_168.jpg"),
( "Chianti Classico Gran Selezione",  2017,  "Castello di Volpaia",  18.36,  83,  2,  2,  4,  1,  5,  "vino_169.jpg"),
( "Chablis Grand Cru Les Clos",  2018,  "William Fèvre",  198.78,  91,  4,  3,  4,  2,  1,  "vino_170.jpg"),
( "Primitivo di Manduria",  2018,  "Leone de Castris",  128.14,  98,  4,  1,  4,  5,  5,  "vino_171.jpg"),
( "Pinot Grigio",  2020,  "Livio Felluga",  130.39,  75,  1,  3,  1,  5,  1,  "vino_172.jpg"),
( "Hacienda Monasterio",  2017,  "Hacienda Monasterio",  113.74,  98,  4,  3,  4,  5,  5,  "vino_173.jpg"),
( "Pouilly-Fumé",  2019,  "Didier Dagueneau",  83.12,  88,  3,  4,  5,  3,  1,  "vino_174.jpg"),
( "Barbera d'Asti Superiore",  2017,  "Braida",  158.59,  79,  3,  3,  3,  1,  4,  "vino_175.jpg"),
( "Soave Classico",  2020,  "Inama",  185.32,  99,  2,  5,  3,  3,  1,  "vino_176.jpg"),
( "Aglianico del Vulture",  2017,  "Elena Fucci",  29.72,  85,  2,  4,  2,  4,  5,  "vino_177.jpg"),
( "Riesling Kabinett",  2020,  "Markus Molitor",  17.35,  87,  3,  3,  3,  5,  1,  "vino_178.jpg"),
( "Montepulciano d'Abruzzo Riserva",  2016,  "Torre dei Beati",  155.56,  79,  2,  2,  1,  5,  5,  "vino_179.jpg"),
( "Arneis",  2020,  "Malvirà",  122.21,  89,  3,  3,  3,  4,  1,  "vino_180.jpg"),
( "Rioja Gran Reserva",  2014,  "Muga",  71.78,  93,  5,  5,  4,  3,  5,  "vino_181.jpg"),
( "Franciacorta Rosé",  2018,  "Berlucchi",  39.17,  80,  3,  4,  5,  5,  1,  "vino_182.jpg"),
( "Cannonau di Sardegna Riserva",  2016,  "Dettori",  161.1,  77,  2,  3,  3,  2,  5,  "vino_183.jpg"),
( "Fiano di Avellino",  2020,  "Terredora",  124.27,  94,  1,  4,  1,  3,  1,  "vino_184.jpg"),
( "Dolcetto d'Alba",  2020,  "Prunotto",  16.71,  75,  4,  2,  2,  3,  4,  "vino_185.jpg"),
( "Verdicchio dei Castelli di Jesi Riserva",  2018,  "Bucci",  98.96,  78,  2,  3,  2,  5,  1,  "vino_186.jpg"),
( "Hermitage",  2016,  "M. Chapoutier",  113.6,  97,  2,  4,  1,  4,  5,  "vino_187.jpg"),
( "Greco di Tufo",  2020,  "Villa Raiano",  65.34,  86,  1,  1,  2,  5,  1,  "vino_188.jpg"),
( "Nebbiolo d'Alba",  2019,  "Renato Ratti",  149.71,  79,  1,  2,  2,  3,  5,  "vino_189.jpg"),
( "Falanghina del Sannio",  2021,  "La Guardiense",  83.9,  79,  4,  4,  4,  3,  1,  "vino_190.jpg"),
( "Château Mouton Rothschild",  2015,  "Château Mouton Rothschild",  30.79,  90,  1,  3,  2,  3,  5,  "vino_191.jpg"),
( "Müller-Thurgau",  2021,  "Cantina Tramin",  83.93,  71,  3,  4,  3,  1,  1,  "vino_192.jpg"),
( "Lagrein",  2019,  "Cantina Terlano",  55.39,  89,  1,  2,  2,  2,  4,  "vino_193.jpg"),
( "Ribolla Gialla",  2019,  "Ronco del Gnemiz",  165.63,  93,  5,  2,  2,  2,  1,  "vino_194.jpg"),
( "Clos Mogador",  2016,  "Clos Mogador",  115.84,  96,  3,  1,  4,  4,  5,  "vino_195.jpg"),
( "Vouvray Sec",  2019,  "Domaine Huet",  118.93,  86,  4,  3,  2,  5,  1,  "vino_196.jpg"),
( "Sagrantino di Montefalco 25 Anni",  2014,  "Arnaldo Caprai",  151.11,  84,  3,  2,  2,  2,  5,  "vino_197.jpg"),
( "Carricante",  2020,  "Pietradolce",  149.91,  80,  2,  4,  1,  3,  1,  "vino_198.jpg"),
( "Teroldego Rotaliano",  2019,  "Elisabetta Foradori",  19.15,  79,  3,  5,  2,  5,  4,  "vino_199.jpg"),
( "Inzolia",  2021,  "Feudo Arancio",  172.88,  100,  3,  3,  4,  4,  1,  "vino_200.jpg"),
( "Pesquera Reserva",  2016,  "Pesquera",  102.67,  73,  3,  5,  4,  4,  5,  "vino_201.jpg"),
( "Silvaner",  2020,  "Friedrich Becker",  186.68,  86,  4,  4,  1,  4,  1,  "vino_202.jpg"),
( "Cepparello",  2016,  "Isole e Olena",  90.65,  90,  1,  5,  2,  4,  5,  "vino_203.jpg"),
( "Finca Dofí",  2017,  "Alvaro Palacios",  116.44,  97,  1,  1,  1,  5,  5,  "vino_204.jpg"),
( "Richebourg",  2016,  "Domaine de la Romanée-Conti",  57.43,  91,  2,  1,  2,  3,  4,  "vino_205.jpg"),
( "Veuve Clicquot La Grande Dame",  2012,  "Veuve Clicquot",  44.72,  70,  3,  2,  5,  4,  1,  "vino_206.jpg"),
( "Recioto di Soave",  2018,  "Pieropan",  177.97,  100,  5,  3,  5,  4,  1,  "vino_207.jpg"),
( "Pinot Grigio",  2021,  "Cantina Tramin",  136.64,  76,  4,  2,  4,  5,  1,  "vino_208.jpg"),
( "Barolo Rocche dell'Annunziata",  2015,  "Renato Ratti",  40.22,  79,  2,  3,  5,  2,  5,  "vino_209.jpg"),
( "Riesling Spätlese",  2019,  "Markus Molitor",  92.11,  84,  1,  4,  4,  1,  1,  "vino_210.jpg"),
( "Sassicaia",  2017,  "Tenuta San Guido",  16.47,  78,  4,  5,  5,  2,  5,  "vino_211.jpg"),
( "Puligny-Montrachet",  2018,  "Louis Jadot",  53.43,  79,  1,  2,  3,  3,  1,  "vino_212.jpg"),
( "Recioto della Valpolicella Classico",  2017,  "Allegrini",  134.31,  79,  2,  2,  1,  2,  1,  "vino_213.jpg"),
( "Vermentino di Gallura Superiore",  2019,  "Capichera",  14.65,  74,  5,  4,  3,  4,  1,  "vino_214.jpg"),
( "Brunello di Montalcino Riserva",  2015,  "Il Poggione",  41.99,  76,  4,  2,  3,  2,  5,  "vino_215.jpg"),
( "Alsace Grand Cru Riesling",  2018,  "Zind-Humbrecht",  107.61,  91,  1,  4,  3,  3,  1,  "vino_216.jpg"),
( "Barbaresco Sorì San Lorenzo",  2016,  "Gaja",  96.58,  71,  5,  2,  1,  2,  5,  "vino_217.jpg"),
( "Etna Rosso Contrada Guardiola",  2018,  "Tenuta delle Terre Nere",  140.51,  93,  4,  3,  5,  3,  4,  "vino_218.jpg"),
( "Chianti Classico Riserva",  2018,  "Fontodi",  93.28,  98,  2,  1,  3,  1,  5,  "vino_219.jpg"),
( "Chablis Premier Cru Montée de Tonnerre",  2018,  "Raveneau",  137.95,  84,  1,  4,  4,  2,  1,  "vino_220.jpg"),
( "Primitivo di Manduria Riserva",  2017,  "Masseria Li Veli",  63.51,  77,  3,  1,  5,  2,  5,  "vino_221.jpg"),
( "Pinot Grigio Friuli Colli Orientali",  2019,  "Ronco del Gnemiz",  97.55,  100,  2,  4,  1,  4,  1,  "vino_222.jpg"),
( "Flor de Pingus",  2017,  "Dominio de Pingus",  151.19,  95,  3,  4,  5,  2,  5,  "vino_223.jpg"),
( "Sancerre",  2020,  "Domaine Vacheron",  175.09,  93,  4,  2,  2,  3,  1,  "vino_224.jpg"),
( "Barbera d'Alba Superiore",  2018,  "Elio Altare",  54.79,  95,  1,  5,  2,  5,  4,  "vino_225.jpg"),
( "Soave Classico",  2020,  "Gini",  192.76,  95,  4,  1,  3,  5,  1,  "vino_226.jpg"),
( "Taurasi",  2016,  "Villa Raiano",  76.76,  77,  4,  2,  2,  2,  5,  "vino_227.jpg"),
( "Riesling Grosses Gewächs",  2019,  "Wittmann",  133.53,  88,  1,  4,  5,  4,  1,  "vino_228.jpg"),
( "Montepulciano d'Abruzzo",  2018,  "Illuminati",  62.86,  75,  4,  1,  4,  2,  5,  "vino_229.jpg"),
( "Arneis Roero",  2020,  "Malvirà",  150.95,  94,  1,  1,  1,  5,  1,  "vino_230.jpg"),
( "Rioja Reserva",  2015,  "R. López de Heredia",  20.35,  76,  3,  4,  5,  4,  5,  "vino_231.jpg"),
( "Franciacorta Brut",  2018,  "Bellavista",  21.88,  99,  1,  4,  4,  4,  1,  "vino_232.jpg"),
( "Cannonau di Sardegna",  2018,  "Cantina di Santadi",  57.26,  79,  1,  2,  2,  3,  4,  "vino_233.jpg"),
( "Fiano di Avellino",  2020,  "Mastroberardino",  49.24,  98,  1,  2,  3,  1,  1,  "vino_234.jpg"),
( "Dolcetto d'Alba",  2020,  "Elio Altare",  39.6,  80,  3,  3,  5,  2,  4,  "vino_235.jpg"),
( "Verdicchio dei Castelli di Jesi",  2020,  "Garofoli",  128.16,  71,  4,  4,  3,  5,  1,  "vino_236.jpg"),
( "Châteauneuf-du-Pape",  2017,  "Jean-Louis Chave",  131.34,  78,  4,  4,  1,  5,  5,  "vino_237.jpg"),
( "Greco di Tufo",  2020,  "Feudi di San Gregorio",  50.9,  82,  1,  4,  3,  4,  1,  "vino_238.jpg"),
( "Nebbiolo Langhe",  2019,  "Elio Altare",  115.41,  79,  3,  5,  2,  2,  5,  "vino_239.jpg"),
( "Falanghina",  2021,  "Mastroberardino",  108.28,  84,  3,  4,  4,  3,  1,  "vino_240.jpg"),
( "Château Palmer",  2015,  "Château Palmer",  110.94,  83,  3,  1,  1,  1,  5,  "vino_241.jpg"),
( "Müller-Thurgau",  2021,  "Elena Walch",  165.16,  88,  2,  1,  3,  5,  1,  "vino_242.jpg"),
( "Lagrein",  2019,  "Alois Lageder",  51.25,  70,  3,  4,  5,  2,  4,  "vino_243.jpg"),
( "Ribolla Gialla",  2020,  "Livio Felluga",  27.77,  99,  2,  5,  5,  4,  1,  "vino_244.jpg"),
( "L'Ermita",  2016,  "Alvaro Palacios",  103.07,  86,  1,  4,  4,  4,  5,  "vino_245.jpg"),
( "Savennières Roche aux Moines",  2018,  "Domaine Huet",  38.14,  95,  2,  5,  2,  1,  1,  "vino_246.jpg"),
( "Sagrantino di Montefalco",  2016,  "Barberani",  54.27,  99,  2,  4,  4,  4,  5,  "vino_247.jpg"),
( "Carricante",  2020,  "Graci",  13.81,  85,  1,  5,  3,  4,  1,  "vino_248.jpg"),
( "Teroldego Rotaliano",  2019,  "Dorigati",  66.03,  70,  5,  4,  1,  1,  4,  "vino_249.jpg"),
( "Catarratto",  2021,  "Tasca d'Almerita",  93.69,  86,  4,  1,  3,  3,  1,  "vino_250.jpg"),
( "Contino Reserva",  2016,  "Contino",  193.47,  90,  2,  3,  1,  3,  5,  "vino_251.jpg"),
( "Weissburgunder",  2020,  "Dr. Heger",  153.63,  99,  3,  5,  5,  5,  1,  "vino_252.jpg"),
( "Batàr",  2018,  "Querciabella",  131.26,  75,  3,  5,  4,  5,  1,  "vino_253.jpg"),
( "Château Pichon Baron",  2016,  "Château Pichon Baron",  40.14,  70,  5,  2,  1,  3,  5,  "vino_254.jpg"),
( "Chambertin",  2016,  "Domaine Leroy",  157.33,  96,  2,  1,  4,  5,  4,  "vino_255.jpg"),
( "Taittinger Comtes de Champagne",  2012,  "Taittinger",  77.33,  85,  3,  5,  3,  1,  1,  "vino_256.jpg"),
( "Torcolato",  2018,  "Maculan",  19.85,  82,  5,  2,  3,  5,  1,  "vino_257.jpg"),
( "Trebbiano d'Abruzzo",  2018,  "Valentini",  104.57,  92,  1,  1,  1,  3,  1,  "vino_258.jpg"),
( "Barolo Brunate",  2015,  "Giuseppe Rinaldi",  29.36,  88,  2,  5,  4,  2,  5,  "vino_259.jpg"),
( "Riesling Beerenauslese",  2018,  "Dr. Loosen",  171.77,  77,  5,  3,  5,  5,  1,  "vino_260.jpg"),
( "Ornellaia Bianco",  2018,  "Ornellaia",  44.58,  97,  2,  4,  4,  3,  1,  "vino_261.jpg"),
( "Gevrey-Chambertin",  2018,  "Joseph Drouhin",  71.39,  72,  4,  5,  2,  1,  4,  "vino_262.jpg"),
( "Amarone della Valpolicella Classico Riserva",  2013,  "Zenato",  119.9,  77,  3,  5,  2,  4,  5,  "vino_263.jpg"),
( "Vermentino di Gallura",  2020,  "Sella & Mosca",  192.84,  88,  5,  2,  5,  5,  1,  "vino_264.jpg"),
( "Brunello di Montalcino",  2015,  "Poggio di Sotto",  104.55,  99,  4,  2,  3,  5,  5,  "vino_265.jpg"),
( "Gewürztraminer Grand Cru",  2018,  "Albert Mann",  171.46,  78,  3,  3,  5,  1,  1,  "vino_266.jpg"),
( "Barbaresco Crichet Pajé",  2014,  "Roagna",  160.61,  98,  3,  4,  5,  1,  5,  "vino_267.jpg"),
( "Etna Bianco Superiore",  2019,  "Benanti",  148.75,  89,  5,  3,  3,  3,  1,  "vino_268.jpg"),
( "Chianti Classico Gran Selezione",  2017,  "San Felice",  182.33,  71,  5,  1,  2,  2,  5,  "vino_269.jpg"),
( "Montrachet",  2017,  "Domaine Leflaive",  198.11,  94,  4,  1,  3,  2,  1,  "vino_270.jpg"),
( "Primitivo di Manduria Sessantanni",  2017,  "Feudi di San Marzano",  60.04,  84,  5,  5,  1,  4,  5,  "vino_271.jpg"),
( "Pinot Grigio Collio",  2020,  "Schiopetto",  10.59,  96,  2,  4,  2,  2,  1,  "vino_272.jpg"),
( "Vega Sicilia Valbuena 5°",  2016,  "Vega Sicilia",  149.28,  90,  5,  4,  3,  4,  5,  "vino_273.jpg"),
( "Pouilly-Fumé",  2020,  "Pascal Jolivet",  148.9,  93,  5,  2,  2,  5,  1,  "vino_274.jpg"),
( "Barbera d'Asti Bricco dell'Uccellone",  2017,  "Braida",  44.92,  99,  1,  4,  4,  5,  4,  "vino_275.jpg"),
( "Soave Classico La Rocca",  2019,  "Pieropan",  35.48,  84,  1,  1,  5,  5,  1,  "vino_276.jpg"),
( "Aglianico del Vulture Il Repertorio",  2017,  "Cantine del Notaio",  13.89,  72,  2,  4,  1,  5,  5,  "vino_277.jpg"),
( "Riesling Smaragd",  2019,  "Nikolaihof",  94.51,  75,  4,  4,  1,  5,  1,  "vino_278.jpg"),
( "Montepulciano d'Abruzzo Riserva",  2016,  "Masciarelli",  156.22,  76,  3,  5,  5,  1,  5,  "vino_279.jpg"),
( "Arneis",  2020,  "Bruno Giacosa",  23.07,  93,  5,  5,  4,  4,  1,  "vino_280.jpg"),
( "Rioja Gran Reserva 904",  2011,  "La Rioja Alta",  84.23,  93,  2,  1,  3,  3,  5,  "vino_281.jpg"),
( "Franciacorta Cuvée Annamaria Clementi",  2011,  "Ca'del Bosco",  91.25,  83,  4,  1,  3,  4,  1,  "vino_282.jpg"),
( "Cannonau di Sardegna Riserva",  2017,  "Argiolas",  184.79,  94,  4,  2,  2,  4,  5,  "vino_283.jpg"),
( "Fiano di Avellino",  2019,  "Villa Diamante",  82.48,  82,  2,  1,  5,  1,  1,  "vino_284.jpg"),
( "Dolcetto d'Alba",  2020,  "Massolino",  33.13,  72,  1,  1,  5,  1,  4,  "vino_285.jpg"),
( "Verdicchio dei Castelli di Jesi Classico Superiore",  2019,  "Bucci",  151.2,  74,  4,  2,  2,  3,  1,  "vino_286.jpg"),
( "Hermitage La Chapelle",  2015,  "Paul Jaboulet Aîné",  198.19,  93,  3,  5,  1,  2,  5,  "vino_287.jpg"),
( "Greco di Tufo",  2020,  "Pietracupa",  198.67,  83,  4,  4,  1,  1,  1,  "vino_288.jpg"),
( "Nebbiolo d'Alba",  2019,  "Sandrone",  110.24,  92,  4,  2,  3,  4,  5,  "vino_289.jpg"),
( "Falanghina del Sannio",  2021,  "Feudi di San Gregorio",  49.75,  100,  3,  2,  5,  2,  1,  "vino_290.jpg"),
( "Château Lynch-Bages",  2016,  "Château Lynch-Bages",  24.96,  94,  3,  3,  5,  3,  5,  "vino_291.jpg"),
( "Silvaner",  2020,  "Wittmann",  58.6,  73,  5,  5,  4,  4,  1,  "vino_292.jpg"),
( "Lagrein",  2019,  "Cantina Tramin",  140.02,  79,  2,  2,  2,  3,  4,  "vino_293.jpg"),
( "Ribolla Gialla",  2020,  "Marco Felluga",  162.75,  96,  4,  1,  4,  1,  1,  "vino_294.jpg"),
( "Terrasses",  2018,  "Alvaro Palacios",  74.85,  88,  3,  5,  4,  4,  5,  "vino_295.jpg"),
( "Vouvray Demi-Sec",  2019,  "Domaine Huet",  188.88,  89,  2,  3,  3,  3,  1,  "vino_296.jpg"),
( "Sagrantino di Montefalco Collepiano",  2016,  "Arnaldo Caprai",  73.1,  85,  3,  3,  4,  2,  5,  "vino_297.jpg"),
( "Carricante",  2020,  "Tenuta delle Terre Nere",  170.41,  94,  4,  2,  5,  3,  1,  "vino_298.jpg"),
( "Teroldego Rotaliano Granato",  2017,  "Foradori",  38.78,  79,  4,  2,  4,  2,  5,  "vino_299.jpg"),
( "Inzolia",  2021,  "Planeta",  98.77,  93,  3,  4,  1,  5,  1,  "vino_300.jpg"),
( "Hacienda Monasterio Reserva",  2015,  "Hacienda Monasterio",  161.11,  94,  1,  5,  5,  4,  5,  "vino_301.jpg"),
( "Grauburgunder",  2020,  "A. Christmann",  85.49,  88,  5,  4,  5,  3,  1,  "vino_302.jpg"),
( "Vistamare",  2019,  "Frescobaldi",  52.28,  70,  2,  5,  3,  1,  1,  "vino_303.jpg"),
( "Château Smith Haut Lafitte Blanc",  2018,  "Château Smith Haut Lafitte",  169.34,  86,  5,  3,  2,  4,  1,  "vino_304.jpg"),
( "Clos de Vougeot",  2016,  "Domaine Leroy",  29.44,  87,  1,  5,  4,  5,  4,  "vino_305.jpg"),
( "Dom Pérignon",  2012,  "Dom Pérignon",  132.58,  71,  1,  4,  5,  1,  1,  "vino_306.jpg"),
( "Occhio di Pernice",  2015,  "Avignonesi",  91.25,  89,  5,  2,  4,  1,  1,  "vino_307.jpg"),
( "Vernaccia di San Gimignano",  2020,  "Panizzi",  35.4,  85,  3,  5,  1,  1,  1,  "vino_308.jpg"),
( "Barolo Monprivato",  2015,  "Giuseppe Mascarello",  90.64,  78,  5,  1,  2,  4,  5,  "vino_309.jpg"),
( "Riesling Eiswein",  2018,  "Fritz Haag",  148.15,  89,  3,  2,  1,  5,  1,  "vino_310.jpg"),
( "Le Serre Nuove dell'Ornellaia",  2018,  "Ornellaia",  66.68,  100,  4,  4,  4,  3,  5,  "vino_311.jpg"),
( "Pommard",  2018,  "Louis Jadot",  23.59,  97,  1,  3,  4,  5,  4,  "vino_312.jpg"),
( "Recioto di Soave Classico",  2018,  "Pieropan",  33.84,  98,  2,  3,  1,  5,  1,  "vino_313.jpg"),
( "Vermentino di Bolgheri",  2020,  "Guado al Tasso",  149.37,  82,  2,  3,  3,  5,  1,  "vino_314.jpg"),
( "Brunello di Montalcino Riserva",  2015,  "Fuligni",  70.49,  79,  2,  4,  3,  1,  5,  "vino_315.jpg"),
( "Alsace Grand Cru Gewürztraminer",  2018,  "Josmeyer",  112.71,  86,  3,  4,  4,  5,  1,  "vino_316.jpg"),
( "Barbaresco Gallina",  2016,  "La Spinetta",  56.89,  85,  1,  1,  5,  4,  5,  "vino_317.jpg"),
( "Etna Rosso Contrada Santo Spirito",  2018,  "Pietradolce",  23.21,  74,  4,  5,  5,  5,  4,  "vino_318.jpg"),
( "Chianti Classico Riserva",  2018,  "Castello di Volpaia",  174.14,  84,  4,  3,  3,  5,  5,  "vino_319.jpg"),
( "Chablis Grand Cru Vaudésir",  2018,  "William Fèvre",  110.08,  90,  3,  4,  2,  1,  1,  "vino_320.jpg"),
( "Primitivo di Manduria Riserva",  2017,  "Li Veli",  148.52,  93,  2,  5,  4,  5,  5,  "vino_321.jpg"),
( "Pinot Grigio Collio",  2019,  "Vie di Romans",  184.75,  95,  1,  1,  3,  5,  1,  "vino_322.jpg"),
( "Aalto",  2017,  "Aalto",  90.42,  86,  3,  4,  5,  3,  5,  "vino_323.jpg"),
( "Sancerre Les Culs de Beaujeu",  2019,  "Pascal Jolivet",  124.14,  78,  4,  4,  2,  2,  1,  "vino_324.jpg"),
( "Barbera d'Alba Vigna Francia",  2018,  "Giacomo Conterno",  14.85,  84,  4,  1,  3,  1,  4,  "vino_325.jpg"),
( "Soave Classico Monte Grande",  2019,  "Pra",  53.63,  98,  2,  2,  1,  1,  1,  "vino_326.jpg"),
( "Taurasi Radici",  2016,  "Mastroberardino",  84.23,  96,  5,  5,  1,  5,  5,  "vino_327.jpg"),
( "Riesling Grosses Gewächs",  2019,  "Georg Breuer",  173.37,  72,  3,  4,  3,  5,  1,  "vino_328.jpg"),
( "Montepulciano d'Abruzzo Riserva",  2016,  "Illuminati",  22.16,  75,  4,  2,  1,  4,  5,  "vino_329.jpg"),
( "Arneis Blangé",  2020,  "Ceretto",  33.99,  89,  3,  3,  1,  5,  1,  "vino_330.jpg"),
( "Rioja Reserva Viña Ardanza",  2015,  "La Rioja Alta",  162.35,  80,  3,  2,  5,  1,  5,  "vino_331.jpg"),
( "Franciacorta Rosé",  2018,  "Bellavista",  191.17,  99,  5,  5,  2,  2,  1,  "vino_332.jpg"),
( "Cannonau di Sardegna Riserva",  2017,  "Argiolas",  22.71,  87,  2,  3,  1,  3,  5,  "vino_333.jpg"),
( "Fiano di Avellino",  2019,  "Guido Marsella",  180.95,  95,  5,  4,  1,  2,  1,  "vino_334.jpg"),
( "Dolcetto d'Alba",  2020,  "Luciano Sandrone",  137.76,  85,  2,  1,  2,  5,  4,  "vino_335.jpg"),
( "Verdicchio dei Castelli di Jesi Classico Superiore",  2019,  "Sartarelli",  10.38,  77,  2,  4,  3,  5,  1,  "vino_336.jpg"),
( "Côte-Rôtie La Landonne",  2015,  "E. Guigal",  119.15,  74,  4,  1,  4,  5,  5,  "vino_337.jpg"),
( "Greco di Tufo",  2020,  "Villa Raiano",  16.25,  92,  2,  4,  2,  1,  1,  "vino_338.jpg"),
( "Nebbiolo d'Alba",  2019,  "Elvio Cogno",  99.51,  77,  2,  4,  3,  5,  5,  "vino_339.jpg"),
( "Falanghina del Sannio",  2021,  "Ocone",  48.01,  100,  3,  2,  1,  5,  1,  "vino_340.jpg"),
( "Château Haut-Brion",  2015,  "Château Haut-Brion",  167.45,  88,  3,  2,  4,  3,  5,  "vino_341.jpg"),
( "Müller-Thurgau",  2021,  "Cantina Terlano",  173.27,  93,  4,  5,  4,  3,  1,  "vino_342.jpg"),
( "Lagrein Riserva",  2018,  "J. Hofstätter",  190.99,  80,  1,  5,  1,  3,  5,  "vino_343.jpg"),
( "Ribolla Gialla",  2018,  "Gravner",  95.32,  98,  2,  4,  5,  2,  1,  "vino_344.jpg"),
( "Mas Martinet",  2017,  "Mas Martinet",  117.91,  92,  4,  2,  4,  3,  5,  "vino_345.jpg"),
( "Savennières Coulée de Serrant",  2018,  "Nicolas Joly",  58.42,  90,  2,  5,  3,  1,  1,  "vino_346.jpg"),
( "Sagrantino di Montefalco",  2016,  "Lungarotti",  176.95,  93,  1,  4,  5,  2,  5,  "vino_347.jpg"),
( "Carricante",  2020,  "Benanti",  36.63,  96,  5,  1,  4,  4,  1,  "vino_348.jpg"),
( "Teroldego Rotaliano",  2019,  "Elisabetta Foradori",  48.66,  83,  2,  4,  2,  2,  4,  "vino_349.jpg"),
( "Catarratto",  2021,  "Donnafugata",  130.13,  91,  5,  2,  3,  3,  1,  "vino_350.jpg"),
( "Pesquera Gran Reserva",  2014,  "Pesquera",  57.49,  76,  5,  5,  1,  1,  5,  "vino_351.jpg"),
( "Dornfelder",  2019,  "Friedrich Becker",  183.47,  83,  5,  5,  4,  5,  4,  "vino_352.jpg"),
( "Pomino Bianco",  2019,  "Frescobaldi",  164.07,  79,  4,  3,  3,  3,  1,  "vino_353.jpg"),
( "Château Carbonnieux Blanc",  2018,  "Château Carbonnieux",  73.64,  79,  3,  4,  4,  2,  1,  "vino_354.jpg"),
( "Volnay",  2018,  "Domaine Leroy",  65.7,  95,  1,  1,  5,  5,  4,  "vino_355.jpg"),
( "Bollinger La Grande Année",  2012,  "Bollinger",  165.95,  90,  3,  5,  2,  1,  1,  "vino_356.jpg"),
( "Passito di Pantelleria Ben Ryé",  2018,  "Donnafugata",  33.5,  80,  4,  2,  2,  5,  1,  "vino_357.jpg"),
( "Gavi dei Gavi",  2020,  "La Scolca",  118.97,  70,  1,  3,  2,  4,  1,  "vino_358.jpg"),
( "Barolo Bricco Boschis",  2016,  "Cavallotto",  189.98,  90,  3,  2,  5,  5,  5,  "vino_359.jpg"),
( "Riesling Trockenbeerenauslese",  2018,  "Robert Weil",  20.17,  80,  2,  4,  3,  1,  1,  "vino_360.jpg"),
( "Guidalberto",  2018,  "Tenuta San Guido",  113.13,  93,  5,  4,  3,  4,  5,  "vino_361.jpg"),
( "Volnay Clos des Ducs",  2018,  "Marquis d'Angerville",  16.2,  84,  3,  5,  2,  2,  4,  "vino_362.jpg"),
( "Torcolato",  2018,  "Maculan",  31.13,  95,  3,  4,  1,  1,  1,  "vino_363.jpg"),
( "Vermentino di Gallura",  2020,  "Jankara",  55.28,  73,  3,  4,  4,  5,  1,  "vino_364.jpg"),
( "Brunello di Montalcino",  2016,  "Canalicchio di Sopra",  63.3,  94,  1,  2,  5,  4,  5,  "vino_365.jpg"),
( "Gewürztraminer Vendange Tardive",  2018,  "Trimbach",  80.75,  74,  4,  4,  5,  1,  1,  "vino_366.jpg"),
( "Barbaresco Pajé",  2016,  "Roagna",  141.02,  73,  5,  3,  1,  2,  5,  "vino_367.jpg"),
( "Etna Rosso",  2019,  "Passopisciaro",  126.28,  83,  1,  4,  5,  1,  4,  "vino_368.jpg"),
( "Chianti Classico Gran Selezione",  2017,  "Castello di Ama",  156.69,  74,  2,  5,  1,  3,  5,  "vino_369.jpg"),
( "Chablis Premier Cru Fourchaume",  2018,  "Patrick Piuze",  105.82,  77,  1,  4,  4,  4,  1,  "vino_370.jpg"),
( "Primitivo di Manduria Es",  2017,  "Gianfranco Fino",  30.77,  76,  3,  2,  5,  3,  5,  "vino_371.jpg"),
( "Pinot Grigio",  2019,  "Jermann",  21.43,  73,  5,  1,  2,  5,  1,  "vino_372.jpg"),
( "Terroir al Límit",  2017,  "Terroir al Límit",  15.63,  79,  1,  1,  1,  3,  5,  "vino_373.jpg"),
( "Pouilly-Fumé Silex",  2018,  "Didier Dagueneau",  26.81,  93,  1,  1,  3,  2,  1,  "vino_374.jpg"),
( "Barbera d'Asti Superiore",  2018,  "Michele Chiarlo",  39.96,  75,  2,  4,  3,  4,  4,  "vino_375.jpg"),
( "Soave Classico",  2020,  "Suavia",  66.73,  76,  4,  1,  3,  1,  1,  "vino_376.jpg"),
( "Aglianico del Vulture",  2017,  "Paternoster",  12.9,  100,  2,  4,  5,  4,  5,  "vino_377.jpg"),
( "Riesling Kabinett",  2020,  "Josef Leitz",  176.83,  95,  4,  1,  4,  1,  1,  "vino_378.jpg"),
( "Montepulciano d'Abruzzo",  2018,  "Cataldi Madonna",  132.7,  78,  2,  4,  1,  5,  5,  "vino_379.jpg"),
( "Arneis",  2020,  "Vietti",  153.43,  77,  3,  3,  3,  1,  1,  "vino_380.jpg"),
( "Rioja Reserva",  2016,  "Marqués de Murrieta",  111.72,  89,  5,  4,  4,  5,  5,  "vino_381.jpg"),
( "Franciacorta Brut",  2018,  "Contadi Castaldi",  190.03,  94,  3,  5,  5,  2,  1,  "vino_382.jpg"),
( "Cannonau di Sardegna",  2018,  "Pala",  190.46,  75,  5,  2,  4,  2,  4,  "vino_383.jpg"),
( "Fiano di Avellino",  2020,  "Pietracupa",  165.1,  88,  3,  3,  3,  1,  1,  "vino_384.jpg"),
( "Dolcetto d'Alba",  2020,  "G.D. Vajra",  165.61,  71,  1,  5,  1,  2,  4,  "vino_385.jpg"),
( "Verdicchio dei Castelli di Jesi",  2020,  "Pievalta",  134.92,  91,  5,  2,  4,  2,  1,  "vino_386.jpg"),
( "Hermitage Blanc",  2018,  "M. Chapoutier",  47.71,  91,  1,  2,  2,  3,  1,  "vino_387.jpg"),
( "Greco di Tufo",  2020,  "Mastroberardino",  111.47,  74,  2,  2,  5,  5,  1,  "vino_388.jpg"),
( "Nebbiolo d'Alba",  2019,  "Bruno Giacosa",  198.59,  98,  1,  5,  1,  5,  5,  "vino_389.jpg"),
( "Falanghina",  2021,  "Feudi di San Gregorio",  25.92,  72,  5,  2,  5,  4,  1,  "vino_390.jpg"),
( "Pavillon Blanc du Château Margaux",  2018,  "Château Margaux",  54.49,  70,  1,  1,  1,  1,  1,  "vino_391.jpg"),
( "Grauburgunder",  2020,  "Salwey",  157.72,  76,  3,  4,  1,  5,  1,  "vino_392.jpg"),
( "Lagrein",  2019,  "Alois Lageder",  175.34,  85,  2,  1,  2,  1,  4,  "vino_393.jpg"),
( "Ribolla Gialla",  2017,  "Radikon",  145.66,  91,  1,  5,  5,  1,  1,  "vino_394.jpg"),
( "Terroir al Límit Arbossar",  2017,  "Terroir al Límit",  19.39,  71,  5,  2,  2,  2,  5,  "vino_395.jpg"),
( "Chenin Blanc",  2019,  "Domaine des Baumard",  58.61,  71,  3,  2,  5,  5,  1,  "vino_396.jpg"),
( "Sagrantino di Montefalco",  2015,  "Paolo Bea",  149.56,  88,  1,  1,  3,  1,  5,  "vino_397.jpg"),
( "Carricante",  2020,  "Planeta",  137.6,  87,  4,  1,  3,  3,  1,  "vino_398.jpg"),
( "Teroldego Rotaliano",  2019,  "Fedrizzi",  70.98,  89,  4,  3,  1,  2,  4,  "vino_399.jpg"),
( "Inzolia",  2021,  "Cusumano",  32.99,  76,  3,  5,  5,  3,  1,  "vino_400.jpg"),
( "Lemberger",  2018,  "Karl H. Johner",  22.14,  80,  3,  5,  5,  5,  4,  "vino_401.jpg"),
( "Erbaluce di Caluso",  2020,  "Ferrando",  35.24,  74,  2,  1,  3,  1,  1,  "vino_402.jpg"),
( "Château Haut-Brion Blanc",  2017,  "Château Haut-Brion",  34.01,  74,  3,  1,  2,  4,  1,  "vino_403.jpg"),
( "Pommard Les Rugiens",  2018,  "Domaine de Montille",  182.56,  96,  3,  5,  5,  3,  4,  "vino_404.jpg"),
( "Veuve Clicquot",  2015,  "Veuve Clicquot",  54.49,  88,  5,  1,  3,  3,  1,  "vino_405.jpg"),
( "Malvasia delle Lipari",  2019,  "Carlo Hauner",  10.37,  93,  2,  4,  2,  5,  1,  "vino_406.jpg"),
( "Nascetta",  2020,  "Elvio Cogno",  161.63,  84,  2,  4,  5,  4,  1,  "vino_407.jpg"),
( "Barolo Ravera",  2016,  "Vietti",  71.8,  71,  5,  1,  4,  4,  5,  "vino_408.jpg"),
( "Riesling Auslese",  2018,  "Markus Molitor",  47.11,  93,  2,  1,  5,  4,  1,  "vino_409.jpg"),
( "Masseto",  2016,  "Masseto",  122.85,  71,  4,  5,  3,  2,  5,  "vino_410.jpg"),
( "Corton-Charlemagne",  2018,  "Bonneau du Martray",  95.21,  92,  2,  2,  5,  5,  1,  "vino_411.jpg"),
( "Recioto della Valpolicella",  2015,  "Quintarelli",  156.41,  91,  2,  4,  4,  3,  1,  "vino_412.jpg"),
( "Vermentino di Sardegna",  2020,  "Capichera",  97.69,  78,  5,  3,  5,  5,  1,  "vino_413.jpg"),
( "Brunello di Montalcino",  2015,  "Salvioni",  42.08,  98,  4,  5,  3,  1,  5,  "vino_414.jpg"),
( "Gewürztraminer Sélection de Grains Nobles",  2017,  "Zind-Humbrecht",  136.32,  82,  4,  4,  2,  4,  1,  "vino_415.jpg"),
( "Barbaresco Rabajà",  2016,  "Produttori del Barbaresco",  155.48,  72,  2,  3,  1,  1,  5,  "vino_416.jpg"),
( "Etna Rosso Contrada Rampante",  2018,  "Pietradolce",  45.3,  95,  3,  2,  2,  4,  4,  "vino_417.jpg"),
( "Chianti Classico Riserva",  2018,  "Fontodi",  180.84,  85,  2,  2,  4,  4,  5,  "vino_418.jpg"),
( "Chablis Grand Cru Les Preuses",  2018,  "Vincent Dauvissat",  26.56,  77,  5,  1,  2,  2,  1,  "vino_419.jpg"),
( "Primitivo di Manduria",  2018,  "Cantele",  31.36,  90,  2,  3,  4,  5,  5,  "vino_420.jpg"),
( "Pinot Grigio",  2019,  "Vie di Romans",  58.14,  78,  2,  5,  1,  2,  1,  "vino_421.jpg"),
( "Mar de Frades",  2021,  "Mar de Frades",  125.33,  80,  2,  3,  5,  2,  1,  "vino_422.jpg"),
( "Sancerre",  2020,  "Alphonse Mellot",  10.5,  72,  1,  4,  3,  2,  1,  "vino_423.jpg"),
( "Barbera d'Alba",  2018,  "Giacomo Conterno",  53.65,  73,  3,  5,  4,  5,  4,  "vino_424.jpg"),
( "Soave Classico",  2020,  "Anselmi",  150.4,  76,  2,  2,  5,  2,  1,  "vino_425.jpg"),
( "Aglianico del Vulture",  2017,  "Basilisco",  131.89,  72,  2,  3,  5,  5,  5,  "vino_426.jpg"),
( "Riesling Grosses Gewächs",  2019,  "August Kesseler",  112.47,  95,  3,  2,  4,  1,  1,  "vino_427.jpg"),
( "Montepulciano d'Abruzzo",  2017,  "Emidio Pepe",  15.17,  92,  2,  4,  2,  1,  5,  "vino_428.jpg"),
( "Arneis",  2020,  "Malvirà",  183.84,  86,  1,  3,  4,  5,  1,  "vino_429.jpg"),
( "Rioja Gran Reserva",  2014,  "Marqués de Riscal",  29.52,  96,  4,  2,  4,  3,  5,  "vino_430.jpg"),
( "Franciacorta Riserva",  2013,  "Bellavista",  152.28,  100,  3,  4,  2,  4,  1,  "vino_431.jpg"),
( "Cannonau di Sardegna",  2018,  "Sella & Mosca",  192.32,  73,  3,  2,  3,  3,  4,  "vino_432.jpg"),
( "Fiano di Avellino",  2020,  "Villa Diamante",  37.29,  80,  4,  3,  2,  1,  1,  "vino_433.jpg"),
( "Dolcetto d'Alba",  2020,  "Aldo Conterno",  138.91,  85,  2,  3,  2,  4,  4,  "vino_434.jpg"),
( "Verdicchio dei Castelli di Jesi",  2020,  "Garofoli",  131.17,  80,  2,  3,  5,  4,  1,  "vino_435.jpg"),
( "Châteauneuf-du-Pape",  2017,  "Domaine du Vieux Télégraphe",  30.09,  93,  1,  1,  2,  2,  5,  "vino_436.jpg"),
( "Greco di Tufo",  2020,  "Villa Raiano",  92.59,  90,  3,  1,  4,  1,  1,  "vino_437.jpg"),
( "Nebbiolo d'Alba",  2019,  "Pio Cesare",  79.12,  89,  1,  2,  1,  3,  5,  "vino_438.jpg"),
( "Falanghina",  2021,  "Mastroberardino",  70.07,  82,  5,  4,  4,  5,  1,  "vino_439.jpg"),
( "Château Pichon Longueville Comtesse de Lalande",  2016,  "Château Pichon Longueville",  79.57,  94,  1,  1,  3,  3,  5,  "vino_440.jpg"),
( "Silvaner",  2020,  "Wittmann",  166.05,  94,  4,  5,  2,  3,  1,  "vino_441.jpg"),
( "Lagrein",  2019,  "Cantina Terlano",  34.24,  70,  4,  5,  2,  3,  4,  "vino_442.jpg"),
( "Ribolla Gialla",  2020,  "Schiopetto",  48.97,  82,  5,  5,  4,  1,  1,  "vino_443.jpg"),
( "Priorat",  2017,  "Mas Martinet",  57.44,  94,  1,  4,  1,  2,  5,  "vino_444.jpg"),
( "Vouvray",  2019,  "Domaine Huet",  184.1,  99,  1,  1,  5,  2,  1,  "vino_445.jpg"),
( "Sagrantino di Montefalco",  2016,  "Antonelli",  130.23,  78,  3,  1,  3,  1,  5,  "vino_446.jpg"),
( "Carricante",  2020,  "Benanti",  102.99,  71,  3,  3,  3,  3,  1,  "vino_447.jpg"),
( "Teroldego Rotaliano",  2019,  "Foradori",  176.27,  98,  4,  2,  5,  1,  4,  "vino_448.jpg"),
( "Catarratto",  2021,  "Firriato",  173.98,  81,  3,  2,  3,  2,  1,  "vino_449.jpg"),
( "Ribera del Duero",  2017,  "Aalto",  113.64,  86,  2,  1,  4,  2,  5,  "vino_450.jpg"),
( "Spätburgunder",  2018,  "Bercher",  185.95,  95,  2,  4,  5,  4,  4,  "vino_451.jpg"),
( "Timorasso",  2019,  "Walter Massa",  191.51,  80,  2,  5,  4,  1,  1,  "vino_452.jpg"),
( "Pavillon Rouge du Château Margaux",  2016,  "Château Margaux",  57.89,  97,  4,  1,  1,  3,  5,  "vino_453.jpg"),
( "Richebourg",  2016,  "Domaine Leroy",  176.22,  71,  4,  2,  2,  5,  4,  "vino_454.jpg"),
( "Louis Roederer Cristal",  2012,  "Louis Roederer",  62.49,  77,  5,  1,  3,  2,  1,  "vino_455.jpg"),
( "Passito di Pantelleria",  2018,  "Salvatore Murana",  125.48,  80,  1,  3,  2,  1,  1,  "vino_456.jpg"),
( "Roero Arneis",  2020,  "Bruno Giacosa",  106.08,  81,  4,  4,  5,  4,  1,  "vino_457.jpg"),
( "Barolo Riserva Monfortino",  2013,  "Giacomo Conterno",  128.1,  70,  2,  1,  3,  3,  5,  "vino_458.jpg"),
( "Riesling Trockenbeerenauslese",  2018,  "Egon Müller",  52.83,  71,  5,  5,  1,  2,  1,  "vino_459.jpg"),
( "Tenuta San Guido Sassicaia",  2017,  "Tenuta San Guido",  151.57,  81,  5,  3,  1,  1,  5,  "vino_460.jpg"),
( "Bâtard-Montrachet",  2017,  "Domaine Leflaive",  145.74,  87,  5,  1,  2,  4,  1,  "vino_461.jpg"),
( "Amarone della Valpolicella Classico",  2012,  "Quintarelli",  53.67,  86,  2,  1,  2,  2,  5,  "vino_462.jpg"),
( "Vermentino di Gallura Superiore",  2019,  "Jankara",  87.32,  94,  4,  2,  2,  4,  1,  "vino_463.jpg"),
( "Brunello di Montalcino Riserva",  2013,  "Gianfranco Soldera",  100.79,  79,  2,  1,  2,  5,  5,  "vino_464.jpg"),
( "Alsace Grand Cru Riesling",  2018,  "Albert Mann",  134.7,  81,  3,  2,  3,  2,  1,  "vino_465.jpg"),
( "Barbaresco Sorì Tildìn",  2016,  "Gaja",  42.2,  95,  1,  3,  1,  5,  5,  "vino_466.jpg"),
( "Etna Bianco Superiore",  2019,  "Benanti",  154.41,  70,  1,  4,  2,  4,  1,  "vino_467.jpg"),
( "Chianti Classico Gran Selezione",  2017,  "Castello di Volpaia",  197.37,  92,  1,  4,  4,  3,  5,  "vino_468.jpg"),
( "Chablis Grand Cru Bougros",  2018,  "William Fèvre",  92.37,  91,  5,  1,  2,  4,  1,  "vino_469.jpg"),
( "Primitivo di Manduria Riserva",  2017,  "Felline",  67.3,  86,  4,  1,  4,  2,  5,  "vino_470.jpg"),
( "Pinot Grigio",  2019,  "Jermann",  103.17,  93,  1,  2,  3,  2,  1,  "vino_471.jpg"),
( "Pazo de Señorans",  2020,  "Pazo de Señorans",  156.35,  91,  5,  1,  1,  1,  1,  "vino_472.jpg"),
( "Pouilly-Fumé",  2020,  "Pascal Jolivet",  174.48,  80,  5,  5,  1,  2,  1,  "vino_473.jpg"),
( "Barbera d'Asti Superiore",  2018,  "La Spinetta",  192.81,  88,  1,  2,  5,  5,  4,  "vino_474.jpg"),
( "Soave Classico",  2020,  "Pieropan",  183.04,  94,  2,  3,  1,  1,  1,  "vino_475.jpg"),
( "Aglianico del Vulture",  2017,  "Grifalco",  181.13,  79,  3,  1,  5,  3,  5,  "vino_476.jpg"),
( "Riesling Kabinett",  2020,  "Dr. Loosen",  112.16,  80,  4,  4,  2,  1,  1,  "vino_477.jpg"),
( "Montepulciano d'Abruzzo Riserva",  2016,  "Masciarelli",  81.04,  91,  3,  1,  3,  4,  5,  "vino_478.jpg"),
( "Arneis",  2020,  "Vietti",  103.91,  89,  5,  5,  5,  5,  1,  "vino_479.jpg"),
( "Rioja Reserva",  2016,  "Marqués de Murrieta",  57.15,  80,  5,  1,  1,  3,  5,  "vino_480.jpg"),
( "Franciacorta Satèn",  2018,  "Bellavista",  103.71,  84,  5,  2,  3,  1,  1,  "vino_481.jpg"),
( "Cannonau di Sardegna Riserva",  2017,  "Argiolas",  130.25,  98,  1,  1,  5,  2,  5,  "vino_482.jpg"),
( "Fiano di Avellino",  2020,  "Feudi di San Gregorio",  179.58,  74,  1,  5,  1,  4,  1,  "vino_483.jpg"),
( "Dolcetto d'Alba",  2020,  "Mascarello",  149.1,  100,  2,  4,  5,  3,  4,  "vino_484.jpg"),
( "Verdicchio dei Castelli di Jesi Classico Superiore",  2019,  "Bucci",  54.54,  74,  5,  4,  1,  5,  1,  "vino_485.jpg"),
( "Hermitage",  2016,  "Jean-Louis Chave",  15.72,  99,  3,  4,  3,  4,  5,  "vino_486.jpg"),
( "Greco di Tufo",  2020,  "Pietracupa",  112.01,  98,  2,  3,  2,  2,  1,  "vino_487.jpg"),
( "Nebbiolo d'Alba",  2019,  "Luciano Sandrone",  80.32,  85,  3,  3,  3,  5,  5,  "vino_488.jpg"),
( "Falanghina",  2021,  "Villa Matilde",  131.62,  90,  3,  2,  5,  5,  1,  "vino_489.jpg"),
( "Château Smith Haut Lafitte",  2016,  "Château Smith Haut Lafitte",  88.42,  91,  4,  5,  5,  1,  5,  "vino_490.jpg"),
( "Weissburgunder",  2020,  "Alois Lageder",  74.33,  70,  3,  4,  1,  3,  1,  "vino_491.jpg"),
( "Lagrein",  2019,  "Elena Walch",  177.69,  85,  5,  2,  3,  5,  4,  "vino_492.jpg"),
( "Ribolla Gialla",  2020,  "Livio Felluga",  182.94,  93,  5,  1,  1,  1,  1,  "vino_493.jpg"),
( "Clos Erasmus",  2015,  "Clos Erasmus",  87.16,  87,  4,  5,  4,  2,  5,  "vino_494.jpg"),
( "Savennières",  2018,  "Domaine des Baumard",  18.07,  95,  4,  4,  2,  5,  1,  "vino_495.jpg"),
( "Sagrantino di Montefalco",  2016,  "Tabarrini",  158.76,  76,  4,  2,  2,  5,  5,  "vino_496.jpg"),
( "Carricante",  2020,  "Graci",  113.49,  82,  3,  4,  4,  1,  1,  "vino_497.jpg"),
( "Teroldego Rotaliano",  2019,  "Fedrizzi",  71.41,  97,  1,  4,  4,  3,  4,  "vino_498.jpg"),
( "Inzolia",  2021,  "Tasca d'Almerita",  22.28,  84,  1,  1,  5,  2,  1,  "vino_499.jpg"),
( "Pesquera",  2017,  "Pesquera",  88.08,  75,  3,  1,  5,  1,  5,  "vino_500.jpg"),
( "Grauburgunder",  2020,  "Wagner-Stempel",  122.86,  75,  2,  3,  2,  3,  1,  "vino_501.jpg");

-- Popolamento tabella Stato_Ordine
INSERT INTO vinum_novum.Stato_Ordine (nome, descrizione) VALUES
( "In attesa di pagamento",  "Ordine creato ma non ancora pagato"),
( "Pagamento confermato",  "Pagamento ricevuto e confermato"),
( "In preparazione",  "Ordine in fase di preparazione nel magazzino"),
( "Spedito",  "Ordine affidato al corriere per la consegna"),
( "Consegnato",  "Ordine consegnato al cliente"),
( "Annullato",  "Ordine annullato"),
( "Rimborso richiesto",  "Cliente ha richiesto un rimborso"),
( "Rimborso effettuato",  "Rimborso completato");

-- Popolamento tabella Livello_Abbonamento
INSERT INTO vinum_novum.Livello_Abbonamento (nome, descrizione, prezzo, numero_bottiglie, frequenza_giorni, attivo) VALUES
( "Base",  "Abbonamento base con 3 bottiglie al mese",  49.99,  3,  30,  true),
( "Premium",  "Abbonamento premium con 3 bottiglie di qualità superiore al mese",  79.99,  3,  30,  true),
( "Deluxe",  "Abbonamento deluxe con 6 bottiglie di qualità superiore al mese",  149.99,  6,  30,  true);

-- Popolamento tabella Vino_Vitigno
INSERT INTO vinum_novum.Vino_Vitigno (vino_id, vitigno_id) VALUES
(1, 42),
(2, 20),
(3, 6),
(3, 36),
(4, 23),
(5, 59),
(6, 55),
(7, 14),
(7, 56),
(8, 11),
(9, 45),
(10, 2),
(11, 42),
(12, 70),
(13, 59),
(14, 22),
(15, 14),
(15, 56),
(16, 9),
(17, 42),
(18, 11),
(19, 6),
(19, 5),
(20, 28),
(21, 53),
(22, 49),
(23, 59),
(24, 60),
(25, 4),
(26, 68),
(27, 1),
(28, 55),
(29, 38),
(30, 3),
(31, 65),
(32, 11),
(33, 7),
(34, 19),
(35, 15),
(36, 69),
(37, 63),
(38, 26),
(39, 42),
(40, 18),
(41, 36),
(41, 6),
(42, 40),
(43, 30),
(44, 54),
(45, 21),
(46, 12),
(47, 58),
(48, 9),
(49, 66),
(50, 29);

-- Popolamento tabella Magazzino
INSERT INTO vinum_novum.Magazzino (vino_id, giacenza_interna, ordinabilita) VALUES
( 1,  90,  "Si"),
( 2,  20,  "Si"),
( 3,  11,  "Si"),
( 4,  43,  "Si"),
( 5,  4,  "Forse"),
( 6,  81,  "Si"),
( 7,  81,  "Si"),
( 8,  14,  "Si"),
( 9,  87,  "Si"),
( 10,  36,  "Si"),
( 11,  27,  "Si"),
( 12,  64,  "Si"),
( 13,  27,  "Si"),
( 14,  32,  "Si"),
( 15,  83,  "Si"),
( 16,  4,  "Forse"),
( 17,  59,  "Si"),
( 18,  82,  "Si"),
( 19,  41,  "Si"),
( 20,  96,  "Si"),
( 21,  22,  "Si"),
( 22,  3,  "Forse"),
( 23,  16,  "Si"),
( 24,  99,  "Si"),
( 25,  49,  "Si"),
( 26,  19,  "Si"),
( 27,  53,  "Si"),
( 28,  63,  "Si"),
( 29,  82,  "Si"),
( 30,  42,  "Si"),
( 31,  52,  "Si"),
( 32,  69,  "Si"),
( 33,  99,  "Si"),
( 34,  93,  "Si"),
( 35,  37,  "Si"),
( 36,  41,  "Si"),
( 37,  34,  "Si"),
( 38,  75,  "Si"),
( 39,  1,  "Forse"),
( 40,  44,  "Si"),
( 41,  25,  "Si"),
( 42,  51,  "Si"),
( 43,  26,  "Si"),
( 44,  74,  "Si"),
( 45,  23,  "Si"),
( 46,  96,  "Si"),
( 47,  82,  "Si"),
( 48,  14,  "Si"),
( 49,  10,  "Forse"),
( 50,  23,  "Si");

-- Popolamento tabella Storico_Prezzo
INSERT INTO vinum_novum.Storico_Prezzo (vino_id, data_registro, prezzo) VALUES
( 1,  "2024-02-07",  159.36),
( 1,  "2023-12-09",  162.92),
( 2,  "2023-03-08",  55.27),
( 2,  "2024-01-27",  49.4),
( 2,  "2024-04-23",  50.1),
( 3,  "2023-12-27",  71.77),
( 3,  "2023-07-05",  68.52),
( 4,  "2024-12-17",  124.37),
( 5,  "2023-06-24",  108.93),
( 6,  "2024-01-20",  49.72),
( 6,  "2024-09-06",  64.53),
( 6,  "2024-01-12",  66.78),
( 7,  "2023-11-22",  14.5),
( 8,  "2023-12-24",  12.44),
( 8,  "2023-05-05",  17.06),
( 9,  "2024-02-12",  26.82),
( 10,  "2024-08-27",  9.95),
( 11,  "2024-05-18",  158.89),
( 12,  "2024-10-04",  36.57),
( 12,  "2023-01-02",  33.27),
( 13,  "2023-05-11",  168.48),
( 13,  "2024-05-20",  169.34),
( 14,  "2023-03-22",  129.25),
( 15,  "2023-03-11",  21.93),
( 15,  "2023-05-07",  27.91),
( 16,  "2024-02-21",  131.21),
( 16,  "2023-02-04",  131.83),
( 17,  "2023-05-02",  160.14),
( 17,  "2023-07-19",  147.84),
( 17,  "2023-06-24",  144.06),
( 18,  "2024-02-25",  206.96),
( 19,  "2024-11-15",  108.87),
( 19,  "2024-12-12",  98.45),
( 20,  "2023-01-11",  34.05),
( 20,  "2023-12-18",  48.49),
( 21,  "2023-02-22",  16.08),
( 22,  "2024-06-18",  65.89),
( 22,  "2023-10-24",  52.05),
( 23,  "2023-04-20",  24.59),
( 23,  "2023-09-05",  28.35),
( 24,  "2023-02-20",  178.54),
( 25,  "2023-09-05",  14.66),
( 26,  "2023-11-20",  111.62),
( 27,  "2023-04-16",  109.07),
( 28,  "2023-02-11",  76.17),
( 29,  "2024-09-06",  168.18),
( 29,  "2024-11-27",  179.13),
( 29,  "2023-01-03",  181.09),
( 30,  "2024-09-04",  137.28),
( 30,  "2023-11-07",  132.73),
( 31,  "2024-04-15",  177.42),
( 31,  "2023-08-22",  175.43),
( 31,  "2024-11-08",  171.4),
( 32,  "2023-08-11",  184.76),
( 32,  "2024-02-26",  173.92),
( 32,  "2023-02-15",  179.94),
( 33,  "2023-04-25",  162.11),
( 33,  "2024-03-20",  155.12),
( 34,  "2023-09-12",  127.37),
( 34,  "2024-07-20",  129.3),
( 34,  "2023-02-07",  130.15),
( 35,  "2023-12-05",  21.63),
( 35,  "2024-06-23",  18.3),
( 36,  "2024-02-13",  162.96),
( 36,  "2024-05-23",  152.95),
( 37,  "2024-12-20",  165.18),
( 37,  "2023-10-25",  164.48),
( 37,  "2023-11-14",  161.42),
( 38,  "2023-02-09",  172.96),
( 38,  "2023-04-12",  188.65),
( 38,  "2023-04-27",  176.41),
( 39,  "2024-01-19",  77.01),
( 39,  "2024-11-19",  80.11),
( 40,  "2024-08-11",  90.82),
( 41,  "2024-12-18",  82.34),
( 41,  "2024-02-25",  82.27),
( 42,  "2024-03-16",  199.09),
( 42,  "2023-07-02",  187.6),
( 43,  "2024-11-25",  87.77),
( 43,  "2023-12-15",  72.53),
( 43,  "2024-02-03",  81.02),
( 44,  "2023-05-05",  68.3),
( 45,  "2024-01-11",  48.58),
( 45,  "2024-01-19",  57.26),
( 46,  "2024-03-17",  172.21),
( 47,  "2023-12-13",  188.61),
( 48,  "2024-07-06",  201.64),
( 48,  "2024-12-09",  186.96),
( 48,  "2024-11-13",  190.25),
( 49,  "2024-05-16",  83.15),
( 49,  "2024-02-27",  75.19),
( 49,  "2023-06-14",  72.7),
( 50,  "2024-03-07",  65.48),
( 50,  "2023-10-15",  78.42);

-- Popolamento tabella Abbonamento
INSERT INTO vinum_novum.Abbonamento (user_id, livello_id, prezzo_abbonamento, data_inizio, data_scadenza) VALUES
( 7,  2,  79.99,  "2025-05-13",  "2026-05-28"),
( 10,  2,  79.99,  "2024-12-15",  "2026-04-04"),
( 15,  2,  79.99,  "2025-02-10",  "2026-04-05"),
( 9,  1,  49.99,  "2025-04-13",  "2025-09-06"),
( 18,  2,  79.99,  "2025-04-11",  "2025-08-13"),
( 20,  1,  49.99,  "2024-12-16",  "2026-04-13"),
( 14,  1,  49.99,  "2025-05-21",  "2025-12-29"),
( 5,  1,  49.99,  "2025-01-05",  "2026-03-15"),
( 8,  2,  79.99,  "2025-03-26",  "2026-05-29"),
( 11,  1,  49.99,  "2025-01-28",  "2026-04-12"),
( 9,  1,  49.99,  "2025-03-31",  "2026-02-26"),
( 12,  1,  49.99,  "2025-04-12",  "2026-01-11"),
( 17,  1,  49.99,  "2025-03-05",  "2026-01-10"),
( 14,  3,  149.99,  "2024-12-13",  "2025-10-05"),
( 8,  3,  149.99,  "2025-02-17",  "2025-09-17");

-- Popolamento tabella Bundle
INSERT INTO vinum_novum.Bundle (abbonamento_id, user_id, tipologia, data_creazione) VALUES
( 21,  7,  "3",  "2025-03-04 10:47:36"),
( 22,  10,  "6",  "2025-05-20 10:47:36"),
( 23,  15,  "3",  "2025-05-10 10:47:36"),
( 24,  9,  "6",  "2025-04-01 10:47:36"),
( 25,  18,  "6",  "2025-04-01 10:47:36"),
( 26,  20,  "6",  "2025-04-07 10:47:36"),
( 27,  14,  "3",  "2025-04-08 10:47:36"),
( 28,  5,  "3",  "2025-05-09 10:47:36"),
( 29,  8,  "3",  "2025-03-05 10:47:36"),
( 30,  11,  "3",  "2025-05-25 10:47:36"),
( 31,  9,  "3",  "2025-03-21 10:47:36"),
( 32,  12,  "3",  "2025-04-25 10:47:36"),
( 33,  17,  "3",  "2025-04-24 10:47:36"),
( 34,  14,  "3",  "2025-04-18 10:47:36"),
( 35,  8,  "3",  "2025-04-09 10:47:36");

-- Popolamento tabella Bundle_Vino
INSERT INTO vinum_novum.Bundle_Vino (bundle_id, vino_id) VALUES
(51, 264),
(51, 405),
(51, 408),
(52, 177),
(52, 271),
(52, 54),
(52, 148),
(52, 407),
(52, 480),
(53, 118),
(53, 381),
(53, 152),
(54, 27),
(54, 206),
(54, 49),
(54, 165),
(54, 15),
(54, 204),
(55, 451),
(55, 171),
(55, 139),
(55, 58),
(55, 5),
(55, 401),
(56, 484),
(56, 116),
(56, 92),
(56, 186),
(56, 463),
(56, 448),
(57, 443),
(57, 376),
(57, 490),
(58, 426),
(58, 35),
(58, 39),
(59, 482),
(59, 211),
(59, 402),
(60, 38),
(60, 496),
(60, 288),
(61, 294),
(61, 492),
(61, 470),
(62, 470),
(62, 467),
(62, 439),
(63, 94),
(63, 376),
(63, 324),
(64, 268),
(64, 51),
(64, 277),
(65, 293),
(65, 110),
(65, 417);

-- Popolamento tabella Storico_Vini_Utente
INSERT INTO vinum_novum.Storico_Vini_Utente (user_id, vino_id, data_invio) VALUES
( 7,  34,  "2025-03-14 10:47:36"),
( 11,  91,  "2025-03-09 10:47:36"),
( 8,  364,  "2024-12-28 10:47:36"),
( 5,  480,  "2025-05-30 10:47:36"),
( 7,  299,  "2024-12-28 10:47:36"),
( 12,  477,  "2025-03-08 10:47:36"),
( 11,  207,  "2025-03-08 10:47:36"),
( 14,  482,  "2025-03-23 10:47:36"),
( 9,  358,  "2025-02-13 10:47:36"),
( 7,  101,  "2025-04-12 10:47:36"),
( 4,  183,  "2025-01-15 10:47:36"),
( 14,  274,  "2025-01-17 10:47:36"),
( 20,  43,  "2024-12-23 10:47:36"),
( 17,  105,  "2025-04-20 10:47:36"),
( 12,  299,  "2024-12-03 10:47:36"),
( 4,  352,  "2025-05-29 10:47:36"),
( 13,  304,  "2025-02-20 10:47:36"),
( 12,  406,  "2025-02-04 10:47:36"),
( 16,  356,  "2024-12-24 10:47:36"),
( 8,  356,  "2025-04-13 10:47:36"),
( 9,  2,  "2025-03-22 10:47:36"),
( 8,  167,  "2025-01-02 10:47:36"),
( 4,  293,  "2025-03-11 10:47:36"),
( 6,  379,  "2025-04-25 10:47:36"),
( 4,  141,  "2025-05-16 10:47:36"),
( 16,  494,  "2025-02-05 10:47:36"),
( 12,  157,  "2025-05-13 10:47:36"),
( 14,  289,  "2025-03-14 10:47:36"),
( 15,  141,  "2024-12-19 10:47:36");

-- Popolamento tabella Recensione
INSERT INTO vinum_novum.Recensione (user_id, vino_id, rating, commento, data_recensione) VALUES
( 10,  227,  4,  "Perfetto per accompagnare carni rosse.",  "2025-03-28 10:47:36"),
( 5,  268,  3,  "Ottimo con i formaggi stagionati.",  "2025-03-30 10:47:36"),
( 13,  425,  5,  "Aroma fruttato molto piacevole.",  "2025-05-30 10:47:36"),
( 20,  500,  4,  "Una piacevole scoperta.",  "2025-03-29 10:47:36"),
( 11,  477,  4,  "Ottimo vino,  lo consiglio vivamente!",  "2025-05-09 10:47:36"),
( 20,  48,  5,  "Ottimo con i formaggi stagionati.",  "2025-05-17 10:47:36"),
( 11,  98,  4,  "Perfetto per accompagnare carni rosse.",  "2025-03-20 10:47:36"),
( 15,  474,  4,  "Una piacevole scoperta.",  "2025-04-11 10:47:36"),
( 14,  272,  5,  "Sapore intenso e persistente.",  "2025-03-14 10:47:36"),
( 6,  62,  3,  "Una piacevole scoperta.",  "2025-05-18 10:47:36"),
( 19,  333,  5,  "Perfetto per accompagnare carni rosse.",  "2025-05-10 10:47:36"),
( 7,  26,  4,  "Ottimo vino,  lo consiglio vivamente!",  "2025-04-02 10:47:36"),
( 20,  447,  3,  "Ottimo con i formaggi stagionati.",  "2025-03-30 10:47:36"),
( 15,  70,  5,  "Un vino che non delude mai.",  "2025-03-31 10:47:36"),
( 17,  319,  4,  "Elegante e raffinato.",  "2025-05-09 10:47:36"),
( 12,  351,  4,  "Aroma fruttato molto piacevole.",  "2025-03-19 10:47:36"),
( 3,  415,  4,  "Sapore intenso e persistente.",  "2025-03-16 10:47:36"),
( 4,  38,  3,  "Ottimo vino,  lo consiglio vivamente!",  "2025-04-06 10:47:36"),
( 18,  249,  3,  "Ottimo vino,  lo consiglio vivamente!",  "2025-05-17 10:47:36"),
( 11,  138,  5,  "Un vino che non delude mai.",  "2025-05-25 10:47:36"),
( 13,  343,  4,  "Sapore intenso e persistente.",  "2025-03-20 10:47:36"),
( 20,  478,  3,  "Un vino che non delude mai.",  "2025-04-14 10:47:36"),
( 10,  292,  5,  "Elegante e raffinato.",  "2025-04-07 10:47:36"),
( 12,  287,  5,  "Buon rapporto qualità-prezzo.",  "2025-05-18 10:47:36"),
( 9,  320,  5,  "Sapore intenso e persistente.",  "2025-04-21 10:47:36"),
( 9,  422,  3,  "Ottimo con i formaggi stagionati.",  "2025-05-29 10:47:36"),
( 6,  379,  4,  "Un vino che non delude mai.",  "2025-05-20 10:47:36"),
( 4,  334,  4,  "Una piacevole scoperta.",  "2025-03-27 10:47:36"),
( 6,  184,  5,  "Buon rapporto qualità-prezzo.",  "2025-05-16 10:47:36"),
( 20,  270,  3,  "Elegante e raffinato.",  "2025-03-08 10:47:36"),
( 17,  223,  4,  "Elegante e raffinato.",  "2025-05-13 10:47:36"),
( 12,  295,  4,  "Sapore intenso e persistente.",  "2025-04-17 10:47:36"),
( 20,  188,  4,  "Sapore intenso e persistente.",  "2025-04-13 10:47:36"),
( 20,  100,  3,  "Buon rapporto qualità-prezzo.",  "2025-03-14 10:47:36"),
( 12,  80,  3,  "Elegante e raffinato.",  "2025-04-08 10:47:36"),
( 17,  412,  3,  "Un vino che non delude mai.",  "2025-03-04 10:47:36"),
( 18,  252,  4,  "Aroma fruttato molto piacevole.",  "2025-05-27 10:47:36"),
( 8,  10,  4,  "Perfetto per accompagnare carni rosse.",  "2025-05-14 10:47:36"),
( 13,  102,  3,  "Ottimo con i formaggi stagionati.",  "2025-04-15 10:47:36"),
( 13,  300,  5,  "Elegante e raffinato.",  "2025-03-22 10:47:36");

-- Popolamento tabella Questionario
INSERT INTO vinum_novum.Questionario (testo_domanda, caratteristica) VALUES
('Ti piace il caffè?', 'Amarezza'),
('Come preferisci il tè?', 'Dolcezza'),
('Quanto ti piacciono i cibi piccanti?', 'Acidita'),
('Quale tipo di bevanda preferisci per rinfrescarti?', 'Corpo'),
('Quando gusti un dessert, preferisci che il sapore rimanga in bocca a lungo?', 'Persistenza'),
('Quanto apprezzi sapori intensi, come un pizzico di pepe nero nei piatti?', 'Intensita'),
('Quanto è importante per te che i piatti abbiano un sapore equilibrato?', 'Equilibrio'),
('Sei incline a sperimentare cibi e bevande dal gusto insolito?', 'Complessita'),
('Quanto ti piacciono le erbe aromatiche (basilico, menta) nei piatti?', 'Aromaticita'),
('Quanto ti piace il gusto di spezie come pepe o cannella?', 'Intensita'),
('Preferisci cibi dal gusto deciso e robusto o delicato?', 'Corpo'),
('Come preferisci il succo di frutta: concentrato o diluito?', 'Corpo'),
('Quanto ti piacciono i formaggi stagionati e saporiti?', 'Corpo'),
('Quanto gradisci sapori amari, come un tè verde forte?', 'Amarezza'),
('Quanto apprezzi l\'effervescenza in una bevanda?', 'Effervescenza'),
('Quando assaggi un dessert, ti piace che il retrogusto evolva in sapori diversi?', 'Complessita'),
('In un pasto, preferisci dessert molto dolci o appena accennati?', 'Dolcezza'),
('Quanto ti piace una bevanda che lascia sensazione "vellutata" in bocca?', 'Morbidezza'),
('Quanto gradisci una sensazione di "calore" in bocca, simile all\'alcol?', 'Calore'),
('Quanto apprezzi la sensazione di freschezza in piatti e bevande?', 'Freschezza'),
('Quanto ritieni importante l\'equilibrio dei sapori in un piatto?', 'Equilibrio'),
('Quanto ti piacciono i cibi altamente speziati (es. curry)?', 'Acidita'),
('Quanto sperimenti sapori insoliti e originali?', 'Complessita'),
('Quale caratteristica ritieni più determinante in una bevanda?', 'Intensita'),
('Quanto apprezzi sapori delicati e leggeri?', 'Dolcezza'),
('Quanto ti piace il cioccolato fondente (es. >75% cacao)?', 'Tannicita'),
('Quando assaggi una mela acidula, quanto ti piace che il sapore rimanga in bocca?', 'Persistenza'),
('Quanto ti piace il profumo di fiori freschi nei cibi o nelle bevande?', 'Aromaticita'),
('Quando bevi una limonata fatta in casa, quanto ti piace la sensazione di freschezza?', 'Freschezza'),
('Quanto ti piace la schiuma frizzante di una birra?', 'Effervescenza'),
('Quando bevi un liquore forte in inverno, quanto ti piace la sensazione di "calore" in gola?', 'Calore');

-- Popolamento tabella Opzioni_Risposta
INSERT INTO vinum_novum.Opzioni_Risposta (domanda_id, testo_risposta, punteggio) VALUES
( 1,  "Sì,  senza zucchero",  5),
( 1,  "Sì,  ma con qualche cucchiaino di zucchero",  3),
( 1,  "No,  non mi piace il gusto",  1),
( 1,  "Sì,  ma lo bevo poco perché non mi piace molto",  2),
( 1,  "Senza zucchero",  1),
( 1,  "Con poco zucchero",  2),
( 1,  "Con quantità moderata di zucchero",  3),
( 1,  "Molto dolce,  con tanto zucchero",  5),
( 1,  "Adoro e li consumo spesso",  5),
( 1,  "Apprezzo ma non eccessivamente",  3),
( 1,  "Li mangio raramente",  1),
( 1,  "Mai",  0),
( 1,  "Acqua frizzante leggera",  1),
( 1,  "Succo di frutta leggero",  2),
( 1,  "Cocktail bilanciato",  3),
( 1,  "Frullati densi e cremosi",  5),
( 1,  "Sì,  molto a lungo",  5),
( 1,  "Un po’",  3),
( 1,  "No,  scompare subito",  0),
( 1,  "A volte",  2),
( 1,  "Amo sapori molto intensi",  5),
( 1,  "Moderatamente intensi",  3),
( 1,  "Troppo forti",  1),
( 1,  "Leggermente intensi",  2),
( 1,  "Fondamentale",  5),
( 1,  "Molto importante",  3),
( 1,  "Poco rilevante",  1),
( 1,  "Secondario",  2),
( 1,  "Sempre,  adoro le novità",  5),
( 1,  "Di tanto in tanto",  3),
( 1,  "Preferisco gusti tradizionali",  1),
( 1,  "Solo se non troppo strani",  2),
( 1,  "Le adoro",  5),
( 1,  "Le apprezzo",  3),
( 1,  "Non le gradisco",  1),
( 1,  "Solo un tocco",  2),
( 1,  "Fortemente speziato",  5),
( 1,  "Moderatamente",  3),
( 1,  "Troppo invadente",  1),
( 1,  "Solo in piccole dosi",  2),
( 1,  "Deciso e robusto",  5),
( 1,  "Moderatamente deciso",  3),
( 1,  "Delicato e leggero",  1),
( 1,  "Una via di mezzo",  2),
( 1,  "Molto concentrato",  5),
( 1,  "Piuttosto concentrato",  3),
( 1,  "Molto diluito",  1),
( 1,  "Leggermente concentrato",  2),
( 1,  "Li adoro",  5),
( 1,  "Moderatamente",  3),
( 1,  "Freschi e delicati",  1),
( 1,  "Un mix bilanciato",  2),
( 1,  "Molto",  5),
( 1,  "Moderatamente",  3),
( 1,  "Non sopporto",  1),
( 1,  "Leggero amaro",  2),
( 1,  "Adoro le bollicine",  5),
( 1,  "Moderata",  3),
( 1,  "Non mi piace",  0),
( 1,  "Solo se ben integrata",  2),
( 1,  "Sì,  deve cambiare",  5),
( 1,  "Moderatamente",  3),
( 1,  "Gusto uniforme",  1),
( 1,  "Solo un leggero cambiamento",  2),
( 1,  "Molto dolce",  5),
( 1,  "Moderatamente dolce",  3),
( 1,  "Non dolce",  1),
( 1,  "Leggero accenno",  2),
( 1,  "Molto morbida",  5),
( 1,  "Piuttosto morbida",  3),
( 1,  "No,  più netta",  1),
( 1,  "Solo se bilanciata",  2),
( 1,  "Molto",  5),
( 1,  "Moderatamente",  3),
( 1,  "Preferisco fresco",  0),
( 1,  "Solo se ben bilanciato",  2),
( 1,  "Forte",  5),
( 1,  "Moderata",  3),
( 1,  "Preferisco sapori caldi",  1),
( 1,  "Solo un accenno",  2),
( 1,  "Essenziale",  5),
( 1,  "Molto importante",  3),
( 1,  "Poco rilevante",  1),
( 1,  "Secondario",  2),
( 1,  "Molto piccanti",  5),
( 1,  "Moderatamente",  3),
( 1,  "Raramente",  2),
( 1,  "Mai",  1),
( 1,  "Sempre",  5),
( 1,  "A volte",  3),
( 1,  "Rare volte",  2),
( 1,  "Mai",  1),
( 1,  "Intensità massima",  5),
( 1,  "Moderata",  3),
( 1,  "Leggera",  2),
( 1,  "Non determinante",  1),
( 1,  "Molto delicati",  5),
( 1,  "Moderati",  3),
( 1,  "Preferisco sapori forti",  1),
( 1,  "Solo un leggero sottofondo",  2),
( 1,  "Adoro l’amaro deciso",  5),
( 1,  "Mi piace moderatamente",  3),
( 1,  "Troppo amaro per me",  1),
( 1,  "Solo un leggero accenno",  2),
( 1,  "Rimane a lungo",  5),
( 1,  "Rimane un po’",  3),
( 1,  "Scompare subito",  1),
( 1,  "Solo a tratti",  2),
( 1,  "Moltissimo",  5),
( 1,  "Abbastanza",  3),
( 1,  "Non mi colpisce",  1),
( 1,  "Solo leggero",  2),
( 1,  "Molto rinfrescante",  5),
( 1,  "Abbastanza",  3),
( 1,  "Preferisco più dolcezza",  1),
( 1,  "Solo un accenno",  2),
( 1,  "Amo le bollicine",  5),
( 1,  "Mi piacciono ma non troppe",  3),
( 1,  "Non mi piacciono",  1),
( 1,  "Solo un filo",  2),
( 1,  "Molto",  5),
( 1,  "Moderata",  3),
( 1,  "Preferisco fresco",  1);

-- Popolamento tabella Risposta_Questionario
INSERT INTO vinum_novum.Risposta_Questionario (user_id, domanda_id, opzione_scelta_id, data_risposta) VALUES
( 12,  1,  4,  "2025-06-01 10:47:36"),
( 20,  1,  4,  "2025-06-01 10:47:36"),
( 11,  1,  3,  "2025-06-01 10:47:36"),
( 17,  1,  2,  "2025-06-01 10:47:36"),
( 18,  1,  4,  "2025-06-01 10:47:36"),
( 5,  1,  1,  "2025-06-01 10:47:36"),
( 13,  1,  1,  "2025-06-01 10:47:36"),
( 8,  1,  2,  "2025-06-01 10:47:36"),
( 19,  1,  2,  "2025-06-01 10:47:36"),
( 14,  1,  4,  "2025-06-01 10:47:36"),
( 16,  1,  4,  "2025-06-01 10:47:36"),
( 4,  1,  4,  "2025-06-01 10:47:36"),
( 9,  1,  2,  "2025-06-01 10:47:36"),
( 10,  1,  3,  "2025-06-01 10:47:36"),
( 6,  1,  4,  "2025-06-01 10:47:36"),
( 7,  1,  3,  "2025-06-01 10:47:36"),
( 3,  1,  4,  "2025-06-01 10:47:36"),
( 15,  1,  1,  "2025-06-01 10:47:36");

-- Popolamento tabella Profilo_Gusto_Utente
INSERT INTO vinum_novum.Profilo_Gusto_Utente (user_id, gusto_preferito, salinita_preferita, acidita_preferita, intensita_preferita, tannicita_preferita, data_ultimo_aggiornamento) VALUES
( 11,  2,  1,  4,  2,  1,  "2025-06-01 10:47:36"),
( 5,  3,  1,  4,  3,  1,  "2025-06-01 10:47:36"),
( 17,  1,  5,  4,  2,  1,  "2025-06-01 10:47:36"),
( 13,  2,  3,  1,  4,  4,  "2025-06-01 10:47:36"),
( 15,  4,  5,  5,  5,  5,  "2025-06-01 10:47:36"),
( 19,  3,  4,  5,  4,  4,  "2025-06-01 10:47:36"),
( 16,  3,  3,  4,  4,  1,  "2025-06-01 10:47:36"),
( 13,  1,  1,  2,  1,  3,  "2025-06-01 10:47:36"),
( 19,  5,  3,  4,  5,  3,  "2025-06-01 10:47:36"),
( 8,  2,  5,  5,  5,  5,  "2025-06-01 10:47:36"),
( 16,  2,  5,  4,  2,  1,  "2025-06-01 10:47:36"),
( 17,  2,  2,  2,  2,  3,  "2025-06-01 10:47:36"),
( 12,  1,  4,  1,  2,  5,  "2025-06-01 10:47:36"),
( 6,  4,  1,  3,  5,  5,  "2025-06-01 10:47:36"),
( 4,  4,  3,  1,  2,  1,  "2025-06-01 10:47:36");

-- Popolamento tabella Carrello
INSERT INTO vinum_novum.Carrello (user_id, data_creazione, data_ultimo_aggiornamento) VALUES
( 16,  "2025-06-01 10:47:36",  "2025-06-01 10:47:36"),
( 3,  "2025-06-01 10:47:36",  "2025-06-01 10:47:36"),
( 16,  "2025-06-01 10:47:36",  "2025-06-01 10:47:36"),
( 4,  "2025-06-01 10:47:36",  "2025-06-01 10:47:36"),
( 13,  "2025-06-01 10:47:36",  "2025-06-01 10:47:36"),
( 13,  "2025-06-01 10:47:36",  "2025-06-01 10:47:36"),
( 9,  "2025-06-01 10:47:36",  "2025-06-01 10:47:36"),
( 6,  "2025-06-01 10:47:36",  "2025-06-01 10:47:36"),
( 8,  "2025-06-01 10:47:36",  "2025-06-01 10:47:36"),
( 10,  "2025-06-01 10:47:36",  "2025-06-01 10:47:36");

-- Popolamento tabella Carrello_Item
INSERT INTO vinum_novum.Carrello_Item (carrello_id, vino_id, quantita) VALUES
( 1,  382,  2),
( 1,  43,  2),
( 1,  412,  2),
( 2,  36,  2),
( 3,  55,  2),
( 3,  198,  2),
( 4,  169,  1),
( 4,  366,  1),
( 4,  436,  1),
( 5,  458,  2),
( 6,  195,  1),
( 6,  69,  2),
( 7,  195,  2),
( 8,  454,  2),
( 8,  71,  1),
( 9,  99,  2),
( 9,  251,  1),
( 10,  328,  2),
( 10,  129,  2);

-- Popolamento tabella Ordine
INSERT INTO vinum_novum.Ordine (user_id, data_ordine, totale_ordine, stato_id) VALUES
( 9,  "2025-01-13 10:47:36",  656.93,  5),
( 12,  "2025-05-03 10:47:36",  283.17,  2),
( 4,  "2025-02-23 10:47:36",  477.2,  4),
( 6,  "2025-04-01 10:47:36",  581.46,  7),
( 16,  "2024-12-07 10:47:36",  600.97,  3),
( 2,  "2025-02-04 10:47:36",  332.37,  1),
( 5,  "2025-01-29 10:47:36",  145.74,  2),
( 16,  "2025-03-07 10:47:36",  156.24,  5),
( 7,  "2024-12-11 10:47:36",  656.84,  3),
( 10,  "2025-01-07 10:47:36",  728.62,  5),
( 2,  "2025-04-18 10:47:36",  492.12,  6),
( 13,  "2025-03-04 10:47:36",  1140.55,  7),
( 9,  "2025-01-28 10:47:36",  243.86,  1),
( 12,  "2025-02-25 10:47:36",  1003.05,  1),
( 11,  "2025-02-12 10:47:36",  299.4,  6),
( 3,  "2025-01-15 10:47:36",  89.36,  5),
( 13,  "2025-05-19 10:47:36",  148.14,  5),
( 3,  "2025-03-28 10:47:36",  85.5,  4),
( 9,  "2025-05-24 10:47:36",  461.45,  7),
( 14,  "2025-05-17 10:47:36",  436.46,  2),
( 4,  "2025-02-15 10:47:36",  418.8,  7),
( 10,  "2024-12-12 10:47:36",  264.18,  7),
( 12,  "2025-05-19 10:47:36",  515.11,  2),
( 17,  "2025-01-03 10:47:36",  424.32,  5),
( 1,  "2025-04-26 10:47:36",  49.68,  4),
( 6,  "2024-12-25 10:47:36",  570.73,  6),
( 11,  "2025-04-25 10:47:36",  765.4,  3),
( 5,  "2025-02-19 10:47:36",  205.66,  5),
( 1,  "2025-01-28 10:47:36",  600.03,  2),
( 9,  "2025-05-15 10:47:36",  78.71,  7),
( 19,  "2025-01-01 10:47:36",  772.58,  5),
( 12,  "2025-03-16 10:47:36",  405.42,  4),
( 13,  "2025-02-13 10:47:36",  600.45,  8),
( 11,  "2025-03-12 10:47:36",  465.35,  3),
( 3,  "2025-01-08 10:47:36",  409.36,  2),
( 8,  "2025-04-05 10:47:36",  587.97,  8),
( 10,  "2025-04-26 10:47:36",  533.15,  8),
( 12,  "2024-12-31 10:47:36",  682.37,  7),
( 1,  "2025-04-18 10:47:36",  288.13,  4),
( 14,  "2025-05-30 10:47:36",  639.31,  1),
( 16,  "2025-01-14 10:47:36",  438.35,  8),
( 6,  "2025-05-22 10:47:36",  230.92,  5),
( 3,  "2025-02-08 10:47:36",  428.68,  4),
( 9,  "2024-12-17 10:47:36",  725.71,  5),
( 16,  "2024-12-12 10:47:36",  1134.8,  5),
( 11,  "2025-02-01 10:47:36",  800.81,  4),
( 9,  "2025-01-27 10:47:36",  150.1,  5),
( 17,  "2025-02-05 10:47:36",  216.84,  7),
( 8,  "2025-03-28 10:47:36",  367.54,  3),
( 17,  "2025-05-07 10:47:36",  590.96,  2);
